,artist,x,k,m,N,p-val,adj_pval(BH)
372,Sabine Delong,822,584765,1117,4313582,0.0,0.0
215,Mayola Cleary,1443,584765,2647,4313582,0.0,0.0
189,Ignacia Keen,1609,584765,3067,4313582,0.0,0.0
926,Traci Caudill,1038,584765,1241,4313582,0.0,0.0
1649,Dalton Wooten,113,584765,113,4313582,0.0,0.0
37,Eun Hull,1084,584765,1088,4313582,0.0,0.0
1873,Mireille Frazier,751,584765,1078,4313582,0.0,0.0
980,Voncile Simon,238,584765,238,4313582,0.0,0.0
995,Donn Cheney,619,584765,663,4313582,0.0,0.0
1860,Cherri Friedman,430,584765,432,4313582,0.0,0.0
1024,Sara Orozco,1908,584765,5361,4313582,0.0,0.0
1026,Meri Hilliard,104,584765,104,4313582,0.0,0.0
1035,Vernon Ramsey,416,584765,422,4313582,0.0,0.0
1043,Jeanie Baldwin,304,584765,304,4313582,0.0,0.0
1059,Margarito Davila,478,584765,497,4313582,0.0,0.0
1068,Lesli Bronson,106,584765,106,4313582,0.0,0.0
1807,Fredericka Nielson,1195,584765,1207,4313582,0.0,0.0
1153,Florentino Proctor,175,584765,175,4313582,0.0,0.0
1787,Franchesca Grubbs,2848,584765,3060,4313582,0.0,0.0
1392,Carolin German,2154,584765,2157,4313582,0.0,0.0
852,Jovan Hare,3161,584765,3174,4313582,0.0,0.0
1226,Crysta Greene,2375,584765,6140,4313582,0.0,0.0
835,Elfrieda Miranda,3520,584765,10166,4313582,0.0,0.0
822,Sheree Bennett,108,584765,108,4313582,0.0,0.0
2134,Irving Langston,7960,584765,35497,4313582,0.0,0.0
2130,Sina Donaldson,5297,584765,20065,4313582,0.0,0.0
341,Malcolm Crook,114552,584765,636055,4313582,0.0,0.0
322,Janey Anaya,715,584765,718,4313582,0.0,0.0
318,Pamela Brinkley,866,584765,1014,4313582,0.0,0.0
562,Pansy Sloan,1969,584765,2421,4313582,0.0,0.0
297,Lenita Beaulieu,160,584765,160,4313582,0.0,0.0
2059,Marilu Tucker,4964,584765,17491,4313582,0.0,0.0
2187,Kelly Cottrell,370,584765,370,4313582,0.0,0.0
1621,Keli Ewing,207,584765,207,4313582,0.0,0.0
280,Christi Busch,2726,584765,2732,4313582,0.0,0.0
2193,Nicki Lindsey,805,584765,852,4313582,0.0,0.0
2042,Gabriel Velasco,116,584765,116,4313582,0.0,0.0
2015,Evelyne Mcgrath,665,584765,770,4313582,0.0,0.0
1992,Nyla Lanier,964,584765,1421,4313582,0.0,0.0
749,Michal Sykes,602,584765,612,4313582,0.0,0.0
763,Ashton Hardin,11812,584765,49527,4313582,0.0,0.0
1971,Reina Fitzpatrick,609,584765,609,4313582,0.0,0.0
806,Mariel Palacios,1418,584765,3016,4313582,0.0,0.0
833,Lee Lombardo,110,584765,110,4313582,0.0,0.0
1368,Tessie Hankins,2058,584765,4954,4313582,0.0,0.0
1895,Ayesha Lind,430,584765,480,4313582,1.99067645616407e-310,8.2353419480005e-309
450,Verdell Bundy,1454,584765,3850,4313582,1.7509055276773166e-308,7.0893047216381566e-307
1494,Margarita Blanton,642,584765,992,4313582,4.497082896197238e-303,1.7829059898881966e-301
374,Tasha Busby,360,584765,372,4313582,3.789107028184001e-294,1.4715654438028884e-292
2077,Vanda Augustine,1898,584765,5907,4313582,1.1991492581007559e-293,4.563962076331477e-292
1231,Valentina Ham,1030,584765,2352,4313582,1.0028198944125057e-280,3.741894625621565e-279
452,Mi Stout,481,584765,652,4313582,8.538692892251233e-269,3.1248331872988645e-267
399,Sari Ziegler,306,584765,307,4313582,3.450130569109993e-267,1.2387921647200599e-265
2048,Melvina Hurst,787,584765,1556,4313582,1.3230131353378935e-266,4.662396289903725e-265
1222,Alfonso Carrier,299,584765,301,4313582,1.0709032565657768e-258,3.705325267717588e-257
862,Tamesha Hinton,296,584765,301,4313582,3.10218962219348e-250,1.0541905091132486e-248
1606,Delorse Leblanc,1270,584765,3520,4313582,3.3095064605949985e-248,1.1049106657039092e-246
659,Simona Beck,359,584765,420,4313582,1.9911235740709462e-243,6.532945105960363e-242
899,Danilo Lopez,2182,584765,7843,4313582,2.4840821988915385e-241,8.012217668628131e-240
1591,Aubrey Hopkins,760,584765,1619,4313582,4.3578831990921566e-231,1.3821752879787291e-229
183,Lisandra Allred,249,584765,250,4313582,1.037152520202629e-217,3.235575813025579e-216
673,Erlinda Good,442,584765,664,4313582,3.2195975541226516e-217,9.882087331444203e-216
1937,Candis Roach,303,584765,344,4313582,1.404364916192676e-214,4.242073707166131e-213
594,Rolando Hudson,499,584765,833,4313582,7.516334709569224e-214,2.234935148798474e-212
1947,Britta Tilley,528,584765,923,4313582,8.55007141467518e-213,2.503197831096441e-211
2296,Dallas Decker,446,584765,699,4313582,1.1426921852721583e-207,3.2947624675347234e-206
870,Cristen Castaneda,236,584765,237,4313582,1.9952996339514422e-206,5.667246572253126e-205
1057,Chester Thorpe,404,584765,598,4313582,1.4933392107683907e-202,4.179153703076834e-201
1733,Lucile Hanna,247,584765,256,4313582,7.253663447891849e-202,2.0005393538171285e-200
678,Kiera Flood,4864,584765,23624,4313582,2.3427292930505347e-195,6.368876920964526e-194
2186,Lore Stratton,251,584765,269,4313582,5.493038788445265e-194,1.4722891287903296e-192
136,Jarvis Craven,226,584765,229,4313582,1.8659964554878695e-193,4.931932298324188e-192
1630,Shauna Leslie,570,584765,1133,4313582,2.098225962303398e-192,5.469758912689543e-191
952,Stephanie Hay,234,584765,242,4313582,3.4800965669807465e-192,8.949491576978865e-191
80,Roselle Hendricks,231,584765,238,4313582,4.3339189842320005e-191,1.0996597102657995e-189
2037,Janeen Coronado,214,584765,215,4313582,2.4890917903947276e-187,6.2325548383173244e-186
118,Cherlyn Garland,823,584765,2147,4313582,2.144454456296719e-180,5.2998660134190346e-179
1823,Lemuel Bourgeois,345,584765,499,4313582,1.5903649104732085e-178,3.8800825956801483e-177
1267,Sherlene Beach,201,584765,203,4313582,8.404247200260015e-174,2.02446612937909e-172
2216,Galen Davenport,244,584765,277,4313582,1.8678749334692946e-173,4.443207497990084e-172
2139,Bradford Robinette,192,584765,193,4313582,3.102864736946484e-168,7.289816783221183e-167
1120,Walton Wilcox,204,584765,213,4313582,3.438552880360303e-165,7.979958696738605e-164
2232,Omar Hinson,182,584765,183,4313582,1.484341026710076e-159,3.403254185336475e-158
397,Fatima Beal,239,584765,288,4313582,6.728694178128678e-157,1.524369645354628e-155
611,Rueben Hoff,304,584765,444,4313582,9.422724661381492e-156,2.109581768306939e-154
528,Veta Flores,943,584765,2871,4313582,5.437218524493564e-154,1.2031426572222388e-152
897,Jackson Odom,239,584765,298,4313582,3.953915452624079e-150,8.648621961314509e-149
1039,Clelia Bronson,176,584765,182,4313582,1.828726146861537e-145,3.9546202925880744e-144
1460,Mika Banks,465,584765,1005,4313582,2.006677602901625e-139,4.290682559912126e-138
439,Sharan Maldonado,261,584765,370,4313582,3.069683013466119e-139,6.490674194028916e-138
851,Efren Kendrick,316,584765,520,4313582,4.837682447473169e-139,1.0116604063232353e-137
635,Omar Park,177,584765,190,4313582,1.852236699045482e-137,3.831311345960383e-136
2136,Maisie Castro,2444,584765,11005,4313582,6.626103470281635e-135,1.355857516553328e-133
172,Tyler Bruno,146,584765,147,4313582,2.6192501346861525e-128,5.302588304582711e-127
103,Pennie Sweeney,365,584765,713,4313582,2.812998855555377e-127,5.6235233131426247e-126
2053,Blanca Medley,368,584765,723,4313582,2.8368798636978034e-127,5.6235233131426247e-126
1959,Flo Nobles,180,584765,212,4313582,1.4389075797657433e-122,2.822928994117742e-121
2215,Kenya Soto,206,584765,269,4313582,1.8605666554766532e-122,3.612916678951093e-121
173,Patrica Siegel,368,584765,781,4313582,6.232545522738768e-114,1.1980337504820076e-112
1951,Celine Tilley,131,584765,133,4313582,3.151197722525009e-113,5.996729265965093e-112
737,Brenton Clement,133,584765,136,4313582,3.4580156055354126e-113,6.515449205281079e-112
1477,Camelia Luther,370,584765,809,4313582,1.4118738384533098e-109,2.6341136417418122e-108
1189,Jimmie Ratliff,173,584765,216,4313582,2.447511056016249e-109,4.521954892814488e-108
26,Deirdre Chen,135,584765,142,4313582,3.9717571901585293e-109,7.267551858530463e-108
525,Leif Ruth,378,584765,845,4313582,3.3502469329681735e-108,6.071923727084222e-107
925,Katharine Avila,140,584765,154,4313582,1.687214537549855e-105,3.029027608450353e-104
1289,Nikia Medrano,451,584765,1163,4313582,4.7728035677107716e-102,8.488453447994017e-101
2075,Hope Lipscomb,377,584765,890,4313582,3.831918130431756e-99,6.751981668714473e-98
2153,Jerlene Connolly,112,584765,114,4313582,8.363298342839394e-97,1.4601244721489327e-95
1925,Laree Lujan,2133,584765,10151,4313582,1.0346272190235089e-94,1.7899050889106704e-93
1626,Jarrod Mcmanus,492,584765,1395,4313582,1.113704496168722e-93,1.9093510416298e-92
597,Clifford Mahoney,106,584765,107,4313582,1.3667635966155143e-93,2.322277789606539e-92
591,Mahalia Andrade,5289,584765,29818,4313582,1.5209991978249004e-92,2.5614703304962705e-91
1396,Carin Bassett,714,584765,2429,4313582,5.158396381527962e-92,8.610902029866414e-91
1338,Thresa Quiroz,104,584765,105,4313582,7.439474412041985e-92,1.2310712874883388e-90
1596,Jacob Gallegos,102,584765,103,4313582,4.04938004342673e-90,6.64307777813885e-89
1049,Kaye Mccarthy,104,584765,106,4313582,6.827058746220115e-90,1.1104181875262289e-88
1923,Agripina Slade,173,584765,253,4313582,9.388377813299233e-90,1.514074828704105e-88
403,Lyndia Delgado,289,584765,616,4313582,1.76650957360168e-89,2.824930855936132e-88
1589,Annetta Hightower,528,584765,1600,4313582,3.749544452663846e-88,5.946152577849416e-87
1236,Dot Moreno,107,584765,112,4313582,6.462414284377088e-88,1.0163615192702149e-86
213,Lakeesha Fletcher,712,584765,2486,4313582,2.8123302902168293e-86,4.386774214985759e-85
2100,Bernetta Tinsley,287,584765,629,4313582,2.724664467890635e-85,4.215476814955999e-84
2104,Vella Hayward,405,584765,1093,4313582,7.062130727510048e-85,1.083809256004163e-83
1139,Suanne Moran,370,584765,957,4313582,9.514575184569086e-84,1.4484989260987975e-82
288,Tu Akers,462,584765,1367,4313582,3.365994166199374e-81,5.083719760537626e-80
145,Foster Rockwell,320,584765,779,4313582,1.7269831848537057e-80,2.587755118721734e-79
2101,Zora Dunn,481,584765,1479,4313582,3.5609376187763405e-78,5.2941127254151374e-77
2067,Celia Tang,463,584765,1411,4313582,1.0104726355590518e-76,1.4906429654797484e-75
248,Shawn Tillman,122,584765,155,4313582,2.619418064876918e-76,3.8344250595852114e-75
1468,Briana Lugo,923,584765,3766,4313582,9.354402101096902e-73,1.358887572395985e-71
902,Felicitas Barnard,242,584765,530,4313582,2.0985898997169713e-72,3.0254671054253005e-71
2097,Shawnda Sisk,346,584765,952,4313582,2.137557814927973e-70,3.058475580306716e-69
1686,Berneice Heck,125,584765,177,4313582,2.6658541939354347e-68,3.7859108440739796e-67
459,Susanna Henley,307,584765,818,4313582,2.01377932319864e-66,2.838683001516305e-65
618,Phyllis Mccracken,1421,584765,6716,4313582,1.1357081282738293e-65,1.5891563000772773e-64
1659,Loretta Lujan,104,584765,132,4313582,1.4416192087625844e-65,2.0024827403468598e-64
1235,Joni Klein,146,584765,241,4313582,1.7199758051977702e-65,2.3718217081821423e-64
905,Gina Isaacs,251,584765,603,4313582,4.791279047282436e-65,6.559571242430559e-64
988,Pearlene Kraft,140,584765,227,4313582,2.3821475891844355e-64,3.238019187298558e-63
573,Ileana Newcomb,487,584765,1693,4313582,2.190781664450737e-60,2.9567783740778386e-59
1146,Lurlene Priest,1304,584765,6184,4313582,1.326867629341742e-59,1.7781895060826305e-58
1848,Olevia Jaramillo,269,584765,711,4313582,2.4838787902876935e-59,3.305469467075161e-58
1356,Dannielle Gates,361,584765,1116,4313582,1.2405702687785228e-58,1.6394480704760615e-57
223,Kylie Shafer,2517,584765,13636,4313582,4.029167164579689e-58,5.287934561513896e-57
437,Randolph Walton,321,584765,946,4313582,1.309960324678491e-57,1.7074345875775125e-56
793,Tanya Zuniga,372,584765,1196,4313582,1.3370520593351494e-55,1.7308912033433942e-54
948,Marybeth Albert,287,584765,817,4313582,2.8835481659956652e-55,3.707697405330913e-54
715,Jannette Gross,227,584765,569,4313582,3.7455139393582434e-55,4.783700017851501e-54
1448,Deshawn Creech,260,584765,705,4313582,6.395894204332037e-55,8.114257780562577e-54
1291,Jessi Sorenson,843,584765,3656,4313582,9.350830990728623e-55,1.1784524089640112e-53
180,Dimple Mcwilliams,91,584765,121,4313582,1.616636465391869e-54,2.0239863116057414e-53
1629,Rivka Tipton,246,584765,668,4313582,5.80743541075477e-52,7.223235023964919e-51
298,Ruby Brannon,172,584765,379,4313582,9.77357190924114e-52,1.2077342430705122e-50
1221,Otis Scales,505,584765,1902,4313582,3.7695421515760053e-51,4.62802497706396e-50
1374,Gema Brantley,87,584765,120,4313582,5.806866488436807e-50,7.083632645830284e-49
1634,Gary Sanchez,109,584765,179,4313582,6.685207419466023e-50,8.10315268741646e-49
1261,Deandre Fleming,516,584765,1986,4313582,2.9785653428654482e-49,3.587474587008195e-48
1497,Natalia Paxton,210,584765,546,4313582,3.477653012762504e-48,4.162247599551601e-47
1168,Tyisha Ross,528,584765,2076,4313582,1.9313065407059718e-47,2.2970477168521654e-46
1750,Carrol Frazier,205,584765,531,4313582,2.1442440650483733e-47,2.5344698483149404e-46
570,Meg Lankford,262,584765,782,4313582,2.5966337230277923e-46,3.0502431943962276e-45
387,Carley Maynard,309,584765,997,4313582,3.1237153739796404e-46,3.6468897893762306e-45
909,Dolly Bragg,3345,584765,19572,4313582,6.320449120771758e-45,7.334033339529669e-44
2225,Graig Cody,536,584765,2163,4313582,1.2254478503420617e-44,1.4133498540611778e-43
2286,Lindsay Bentley,1483,584765,7708,4313582,4.1570881457751143e-44,4.765625747837375e-43
2071,Morris Stovall,2605,584765,14807,4313582,5.813617810524485e-44,6.624739337382093e-43
472,Deonna Case,111,584765,209,4313582,1.4012904281406204e-42,1.5872950504473812e-41
888,Benton Womack,167,584765,413,4313582,3.954037100449959e-42,4.4523861551220543e-41
479,Ramona Paul,400,584765,1502,4313582,2.5995370838399037e-41,2.90995239443961e-40
1654,Delmar Bentley,369,584765,1352,4313582,9.130433184030358e-41,1.0160944063865363e-39
256,Tesha Mendez,164,584765,414,4313582,4.603739539368775e-40,5.093556013615569e-39
882,Kristina Reeves,175,584765,459,4313582,5.770353151622127e-40,6.347388466784339e-39
2299,Delia Shockley,3244,584765,19187,4313582,5.9308714690131966e-40,6.486464600880525e-39
443,Samantha Melvin,266,584765,860,4313582,5.978945672367356e-40,6.501676351151473e-39
1864,Jodi Lawler,83,584765,134,4313582,1.8740371802063865e-39,2.0263027010981554e-38
1134,Kathrin Nicholas,622,584765,2730,4313582,2.3834579076866174e-39,2.5625538973602444e-38
2116,Jazmin Rosen,109,584765,215,4313582,2.460218669669974e-39,2.6302225440348093e-38
2300,Chanda Hearn,262,584765,850,4313582,4.270474917714379e-39,4.540063557771208e-38
1320,Rocio Escobedo,3375,584765,20109,4313582,5.5540253848042666e-39,5.8718390596014e-38
1928,Zulema Montano,93,584765,167,4313582,2.2224511254494112e-38,2.3366433655968116e-37
1811,Evangelina Messer,227,584765,703,4313582,1.3104667355566505e-37,1.3702297789913768e-36
1552,Rory Kendall,93,584765,170,4313582,1.6520861684783591e-37,1.717989059352086e-36
1967,Cari Strickland,222,584765,683,4313582,2.553734727792131e-37,2.64117238423284e-36
1712,Lynne Dudley,139,584765,336,4313582,9.05205020021496e-37,9.311379205950847e-36
357,Kyla Edwards,569,584765,2502,4313582,5.937865032922474e-36,6.075138256801864e-35
503,Shanae Calloway,169,584765,465,4313582,1.2829899886525937e-35,1.3056309884523453e-34
1905,Frederica Burrell,838,584765,4068,4313582,1.8918100257053918e-35,1.914954510062426e-34
1912,Kaye Dempsey,350,584765,1330,4313582,2.615629895697757e-35,2.63362100080044e-34
87,Akiko Hamilton,542,584765,2372,4313582,6.580446949887698e-35,6.590837129282258e-34
42,Georgianna Echols,541,584765,2368,4313582,7.896989569549788e-35,7.868047722959815e-34
1519,Mandi Browning,479,584765,2029,4313582,1.3274814357430202e-34,1.3157276938640455e-33
2251,Kiyoko Mckinnon,328,584765,1229,4313582,1.8127102582089448e-34,1.7873510991562805e-33
1155,Emelda Layton,106,584765,227,4313582,3.340831620387985e-34,3.277114728658936e-33
408,Ozella Mcmullen,277,584765,982,4313582,9.410347357107593e-34,9.183533856705512e-33
1867,Dirk Grady,851,584765,4193,4313582,1.0336982544806462e-33,1.0036366215697295e-32
1333,Felipa Wheeler,410,584765,1680,4313582,3.8781084929349036e-33,3.74621343251529e-32
946,Keith Lancaster,759,584765,3663,4313582,4.089879410925606e-33,3.9308285449451657e-32
1863,Huey Staples,352,584765,1377,4313582,7.98631967208337e-33,7.637169013052588e-32
11,Dominga Darling,176,584765,525,4313582,6.527315977140423e-32,6.210741152249113e-31
2050,Parthenia Drake,157,584765,443,4313582,8.345969860271744e-32,7.901681912486135e-31
133,Toya Compton,152,584765,423,4313582,1.23787222682038e-31,1.1661736869500907e-30
326,Lucila Knox,344,584765,1354,4313582,1.3797104825075313e-31,1.2933936198087842e-30
636,Maragaret Cuellar,422,584765,1774,4313582,1.742602183342883e-31,1.6255744876968168e-30
996,Gerry Trent,936,584765,4793,4313582,8.35554946958937e-31,7.756395434452961e-30
1417,Kesha Corbin,127,584765,326,4313582,1.0118292846857418e-30,9.347141401732847e-30
27,Zana Albright,111,584765,265,4313582,2.023131968697653e-30,1.8599131093872628e-29
1121,Orval Romano,294,584765,1121,4313582,9.567667678565908e-30,8.75349595784179e-29
1257,Alfonso Caudill,222,584765,762,4313582,1.3146256034243625e-29,1.1970012073284984e-28
1091,Lyndon Dalton,124,584765,323,4313582,2.4425649927779885e-29,2.2134291339316725e-28
99,Lucius Sousa,174,584765,540,4313582,3.065399011694139e-29,2.7646702934852824e-28
1557,Keiko Meyer,100,584765,232,4313582,7.417188848748739e-29,6.657976593947572e-28
1535,Jasper Varner,185,584765,598,4313582,1.7306282137004702e-28,1.5461903712075093e-27
736,Mariam Horton,152,584765,454,4313582,8.38927690316548e-28,7.460184087254163e-27
163,Alia Head,109,584765,275,4313582,1.898034983542268e-27,1.6799816621771797e-26
1041,Willene Mathews,373,584765,1580,4313582,2.0244172062068828e-27,1.783549047875786e-26
261,Lawerence Carrasco,157,584765,483,4313582,4.6139255021975425e-27,4.0462213044617156e-26
1469,Tiffaney Chavis,162,584765,507,4313582,6.297626776301019e-27,5.497423740963688e-26
790,Taylor Moreno,371,584765,1581,4313582,8.979437684024151e-27,7.802680325432859e-26
497,Daniele Tyson,146,584765,437,4313582,1.0921216164341746e-26,9.446851982155611e-26
76,Kenneth Collins,89,584765,206,4313582,4.946306497263855e-26,4.259195142214079e-25
648,Aaron High,412,584765,1830,4313582,1.0046220517003677e-25,8.611692632368468e-25
35,Bibi Reed,91,584765,217,4313582,2.0758211812774424e-25,1.7714294654578353e-24
269,Madge Charles,431,584765,1948,4313582,3.1107767961224987e-25,2.6427715370629977e-24
1202,Monet Reagan,203,584765,721,4313582,3.243497977810001e-25,2.7432785118988587e-24
607,Fleta Michaud,85,584765,197,4313582,6.403365113426422e-25,5.391860093296673e-24
1009,Blythe Leslie,90,584765,217,4313582,9.714610332604551e-25,8.144010336099762e-24
1042,Janna Bartley,67,584765,134,4313582,1.1179687296415348e-24,9.331116195209827e-24
1721,Alysa Briggs,87,584765,208,4313582,2.6677686553587128e-24,2.2169274022478734e-23
1792,Kelvin Swanson,314,584765,1316,4313582,3.41067383178087e-24,2.8097455852290025e-23
1445,Rob Mathis,75,584765,164,4313582,3.408456832485825e-24,2.8097455852290025e-23
106,Cathie Knutson,67,584765,137,4313582,5.8246637965612875e-24,4.777730691748332e-23
303,Vonda Colbert,95,584765,244,4313582,1.523458909591028e-23,1.244267083670269e-22
2206,Colin Kerns,199,584765,730,4313582,6.255760723600202e-23,5.0874840414577715e-22
1282,Ivette Pelletier,1037,584765,5707,4313582,6.3808064918642e-23,5.167095640007478e-22
2081,Vannessa Holman,2615,584765,16086,4313582,6.951170562012264e-23,5.60511761843616e-22
398,Lita Grimm,74,584765,167,4313582,7.373205825438515e-23,5.920342061522993e-22
246,Lurline Leon,143,584765,460,4313582,9.553386709006569e-23,7.63869533917626e-22
914,Colene Echols,228,584765,887,4313582,2.4096431104471164e-22,1.9186405184857163e-21
1752,Stanton Dooley,241,584765,959,4313582,4.2113788442006633e-22,3.3392724752141095e-21
1429,Nidia Lackey,121,584765,366,4313582,4.606631374579582e-22,3.6375184671472805e-21
956,Dino Tang,54,584765,102,4313582,6.623819334144065e-22,5.208730658213288e-21
2238,Rosaria Reynolds,103,584765,289,4313582,7.350701381071269e-22,5.756536925176389e-21
1771,Vicente Corbett,182,584765,659,4313582,8.017228392163025e-22,6.252780996018949e-21
2213,Noella Dent,189,584765,696,4313582,1.1094244359779984e-21,8.617284496596452e-21
1839,Karena Mckinley,334,584765,1475,4313582,1.1599079775929295e-21,8.972784070566443e-21
656,Donnette Harris,508,584765,2492,4313582,2.4016371767841395e-21,1.8503301811417883e-20
2088,Janell Riddick,71,584765,165,4313582,4.0706943944217435e-21,3.1236013841066846e-20
958,Suanne Wang,247,584765,1007,4313582,4.121892468203226e-21,3.150185287948088e-20
1890,Migdalia Messer,104,584765,307,4313582,3.7404849928823917e-20,2.8472571765820763e-19
220,Madalyn Ross,150,584765,522,4313582,4.294897428845693e-20,3.2562509191606985e-19
1313,Rosalie Talley,798,584765,4313,4313582,4.591199126532055e-20,3.4670841022978183e-19
340,Yung Bean,1367,584765,7972,4313582,5.3397317826538444e-20,4.01640694956137e-19
202,Chere Swenson,579,584765,2967,4313582,9.282946049848739e-20,6.954900131048091e-19
314,Jeri Poirier,148,584765,517,4313582,1.0953755917300273e-19,8.174508827695067e-19
181,Kathryne Keys,194,584765,752,4313582,1.6499399088897004e-19,1.2264982994598047e-18
1705,Chun Daniels,377,584765,1776,4313582,3.397187842578252e-19,2.5155052390764258e-18
1842,Doreatha Goss,88,584765,247,4313582,5.462825818769943e-19,4.0217630681130686e-18
1279,Roger Main,65,584765,154,4313582,5.473655463170178e-19,4.0217630681130686e-18
2091,Cherie Galindo,83,584765,228,4313582,1.0592570862305418e-18,7.752947058064312e-18
75,Veronica Klein,151,584765,546,4313582,1.5881837631934207e-18,1.1579745982211032e-17
1040,Kandy Stark,153,584765,560,4313582,3.24504969913793e-18,2.3569960219310993e-17
2245,Reed Kyle,147,584765,530,4313582,3.2673685294166447e-18,2.3641833883953894e-17
1761,Kristel Lozano,82,584765,228,4313582,3.939799912171652e-18,2.839939103357066e-17
1865,Bertha Shipman,495,584765,2512,4313582,5.7622531465804985e-18,4.137950089789694e-17
1693,Lissa Church,109,584765,350,4313582,6.458092568561931e-18,4.620206826305773e-17
1145,Joane Sumner,79,584765,217,4313582,6.578379237094596e-18,4.688635089210119e-17
893,Candie Clevenger,134,584765,472,4313582,1.0740707794102689e-17,7.626704079170678e-17
639,Danna Kenny,1230,584765,7206,4313582,1.4170280210971567e-17,1.0024551390884347e-16
583,Ima Mejia,179,584765,704,4313582,1.7424940476977862e-17,1.2281356195440323e-16
1537,Tyree Horner,52,584765,116,4313582,5.089392587427428e-17,3.5738428390680427e-16
117,Cythia Riddick,157,584765,599,4313582,7.628374541782937e-17,5.324301894987057e-16
1540,Queenie Moffett,1020,584765,5874,4313582,7.638120952871607e-17,5.324301894987057e-16
2256,Leonida Howard,227,584765,976,4313582,1.0121056481746295e-16,7.029332293709197e-16
1239,Tad Pryor,1349,584765,8041,4313582,1.1325005699501558e-16,7.836903944055078e-16
571,Katia Herring,140,584765,516,4313582,1.4323966895707345e-16,9.87627137772865e-16
1164,Kylee Hoffman,213,584765,902,4313582,1.4744735157902633e-16,1.0129686283569933e-15
544,Sharie Brenner,761,584765,4222,4313582,1.5746539900135994e-16,1.0779016341711799e-15
2052,Theron Guillory,372,584765,1817,4313582,1.8877776951767685e-16,1.287613245133115e-15
275,Hattie Bowman,142,584765,529,4313582,2.353503784704703e-16,1.599542036533232e-15
922,Alleen Bundy,328,584765,1561,4313582,2.5656800239430305e-16,1.737540599844693e-15
39,Jodie Hollingsworth,57,584765,139,4313582,3.1046759892447664e-16,2.0951058182740392e-15
2102,Jeremiah Wyatt,425,584765,2141,4313582,3.187242882370004e-16,2.1432237474028682e-15
707,Agnus Fortune,316,584765,1494,4313582,3.4253590059779415e-16,2.2952317564704305e-15
1062,Jackeline Sterling,123,584765,436,4313582,3.4718038105027505e-16,2.3181904039953452e-15
983,Florence Finn,290,584765,1345,4313582,4.08375503397984e-16,2.7172677726096628e-15
713,Bernetta Reilly,47,584765,103,4313582,5.549282484762666e-16,3.679541661499426e-15
1266,Vergie Seymour,156,584765,611,4313582,1.1414122061214872e-15,7.542039681420799e-15
1272,Milo Varner,104,584765,353,4313582,2.302822233160728e-15,1.516356646956701e-14
962,Hedwig Christiansen,69,584765,194,4313582,2.5651786857465818e-15,1.683287944474395e-14
1420,Ashlee Boyle,57,584765,145,4313582,3.0430025160582485e-15,1.9899772467556176e-14
2196,Lavera Browning,165,584765,666,4313582,3.438235579959166e-15,2.2407405166651687e-14
445,Kathie Miller,328,584765,1590,4313582,3.4536727362603878e-15,2.24311918672475e-14
228,Suzanne Larson,77,584765,230,4313582,3.649328213900918e-15,2.3621331942358664e-14
1475,Cathie Crespo,152,584765,598,4313582,3.8311760418259605e-15,2.4714332229134926e-14
2113,Nita Kirby,48,584765,111,4313582,4.066921628798207e-15,2.6146458985145226e-14
1305,Piper Adcock,545,584765,2920,4313582,5.405162908331705e-15,3.463308085708833e-14
1854,Dinah Horner,334,584765,1631,4313582,5.5275396349410216e-15,3.5298348742593165e-14
2197,Jules Ulrich,142,584765,549,4313582,6.2833975847522945e-15,3.9990988641416776e-14
811,Joaquina Harrell,116,584765,417,4313582,6.583508959803345e-15,4.176139183501921e-14
243,Syreeta Seals,182,584765,765,4313582,9.31049416474814e-15,5.886335679573326e-14
1098,Laurette Delgado,77,584765,235,4313582,1.3714137336961586e-14,8.641722964317185e-14
1926,Ron Overton,168,584765,693,4313582,1.566825111798299e-14,9.840489068488988e-14
384,Noble Gleason,75,584765,227,4313582,1.7607536041377142e-14,1.1022085883796283e-13
514,Chi Aldridge,57,584765,150,4313582,1.7975843995360513e-14,1.1215747909236412e-13
803,Hobert Copeland,108,584765,383,4313582,1.8904456150596626e-14,1.175659478908019e-13
2087,Cyrus Ramey,18359,584765,128650,4313582,2.2033738822619956e-14,1.365804722457517e-13
623,Quyen Wills,64,584765,182,4313582,4.285590836387175e-14,2.647882909624933e-13
693,Karrie Mora,186,584765,800,4313582,4.7891497218147436e-14,2.949434278515682e-13
1403,Myrna Smallwood,297,584765,1437,4313582,4.8620737034523026e-14,2.984685889570881e-13
1025,Altha Higgins,50,584765,125,4313582,5.372844087130727e-14,3.287627748491888e-13
116,Vicki Clayton,141,584765,558,4313582,5.5924093039413736e-14,3.411011187628344e-13
135,Tammy Gipson,125,584765,478,4313582,9.489093493162064e-14,5.769247577472015e-13
1707,Karol Elam,120,584765,453,4313582,1.0630650880749294e-13,6.442716122950926e-13
1625,Dannie Askew,109,584765,398,4313582,1.211417207037396e-13,7.318498238070365e-13
56,Dorathy Looney,85,584765,282,4313582,1.526333932430919e-13,9.191814789291263e-13
1963,Donovan Dickinson,79,584765,255,4313582,1.977300390900757e-13,1.1870039886069845e-12
911,Madelene Okeefe,113,584765,421,4313582,1.9851613444043417e-13,1.1879754837740447e-12
1173,Zora Wiggins,122,584765,470,4313582,3.1731664992554444e-13,1.8929579461075583e-12
1788,Kristian Allen,51,584765,134,4313582,3.298213338110461e-13,1.961406244507565e-12
262,Marica Baer,57,584765,159,4313582,3.4032884048345994e-13,2.01758811040506e-12
385,Gerardo Elkins,133,584765,528,4313582,3.42734846060095e-13,2.025541652336524e-12
1372,Tiffanie Chu,516,584765,2809,4313582,3.9336573738361475e-13,2.317569653996962e-12
1265,Fernande Crosby,113,584765,427,4313582,5.484598729213294e-13,3.2213553647200305e-12
869,Shawnee Seals,81,584765,269,4313582,5.62111569215638e-13,3.291379434514951e-12
1144,Marge Petersen,52,584765,140,4313582,6.285169077224984e-13,3.66891924968072e-12
469,Felix Hinojosa,89,584765,309,4313582,7.871614717113322e-13,4.58094275433231e-12
675,Rod Horne,116,584765,446,4313582,9.819191358654722e-13,5.696927181560956e-12
2203,Desmond Stacy,70,584765,221,4313582,1.1959930380033961e-12,6.917856386992288e-12
1740,Minda Bragg,64,584765,194,4313582,1.2441403268290088e-12,7.1745425513806175e-12
2265,Dante Huff,50,584765,134,4313582,1.3308531313023847e-12,7.651400328907668e-12
850,Estell Wu,90,584765,318,4313582,1.7692512899610246e-12,1.0141220496372981e-11
161,Danna Barber,52,584765,144,4313582,2.2906895573646575e-12,1.3090637320315145e-11
1283,Nola Maguire,228,584765,1075,4313582,2.4126982454233504e-12,1.3746601080959988e-11
644,Wen Roy,290,584765,1448,4313582,4.053549446464097e-12,2.302658088543635e-11
286,Darrel Aguirre,490,584765,2690,4313582,5.3495104050240395e-12,3.029797113321651e-11
474,Flavia Cutler,52,584765,147,4313582,5.792531568593069e-12,3.270975541552703e-11
1375,Paula Aponte,71,584765,233,4313582,6.739941136933929e-12,3.79470650401931e-11
654,Catrina Overstreet,80,584765,277,4313582,8.368314826185556e-12,4.697611538121273e-11
333,Cedrick Arellano,268,584765,1328,4313582,1.0642854716651296e-11,5.956868389937476e-11
210,Tresa Winter,273,584765,1359,4313582,1.1589287416961782e-11,6.467570074627059e-11
1447,Clayton Graves,54,584765,158,4313582,1.1623625419392106e-11,6.467765840088649e-11
300,Letisha Darling,79,584765,274,4313582,1.2178269493191552e-11,6.756631733394613e-11
1991,Han Myles,110,584765,431,4313582,1.2576581232471582e-11,6.957335489939947e-11
1094,Ruthie Duran,91,584765,336,4313582,1.9625563545553824e-11,1.0825347080344616e-10
2141,Eleonore Daugherty,456,584765,2499,4313582,2.1139662800656565e-11,1.1626814540361111e-10
1322,Tori Dobson,40,584765,102,4313582,2.6430184758614848e-11,1.4453057929782775e-10
1577,Mellissa Nash,78,584765,273,4313582,2.6422038960792985e-11,1.4453057929782775e-10
592,Deloris Winters,56,584765,172,4313582,4.688152831853201e-11,2.556319438113651e-10
1742,Shanita Koenig,139,584765,597,4313582,4.925252163322169e-11,2.6779299619434537e-10
97,Cecilia Smiley,217,584765,1045,4313582,5.831270297323986e-11,3.160512944532342e-10
2246,Sherrill Woody,52,584765,155,4313582,5.84603550433728e-11,3.160512944532342e-10
1922,Refugia Weller,335,584765,1763,4313582,7.857925994212104e-11,4.236156704528508e-10
182,Assunta Haney,249,584765,1241,4313582,9.476496289739205e-11,5.094285999823081e-10
1248,Marilyn Castillo,54,584765,166,4313582,1.0203791952288947e-10,5.469807347945314e-10
1694,Carmen Boles,128,584765,544,4313582,1.2608691888015956e-10,6.739983332273698e-10
733,Vernita Mosher,70,584765,243,4313582,1.5939163945946585e-10,8.496422686032592e-10
1900,Jeneva Dejesus,424,584765,2333,4313582,1.693273401108812e-10,9.000835984106338e-10
557,Maile Harris,71,584765,249,4313582,1.997483307098388e-10,1.0588330733727667e-09
370,Ona Hutchins,47,584765,139,4313582,3.0951179552353345e-10,1.6361137413369004e-09
1978,Rolande Roland,164,584765,756,4313582,3.766031435031909e-10,1.985251473924023e-09
1002,Joseph Staples,194,584765,931,4313582,4.0004435832966714e-10,2.1029956185120346e-09
663,Slyvia Dupre,508,584765,2887,4313582,4.1473963454711136e-10,2.1742411144439475e-09
1082,Evon Johnson,109,584765,450,4313582,4.309613418795782e-10,2.2530753670242786e-09
1369,Monique Gil,79,584765,293,4313582,4.371976346131381e-10,2.2794167086816486e-09
738,Kristian Mccoy,61,584765,205,4313582,4.829886621315208e-10,2.511277114853235e-09
1114,Paz Dorsey,167,584765,776,4313582,4.965537644951142e-10,2.574773334698099e-09
46,Edelmira Worrell,49,584765,150,4313582,5.509704796095732e-10,2.8491761486332006e-09
290,Vincenzo Nunn,781,584765,4683,4313582,5.858440369272421e-10,3.0213040711993003e-09
531,Diana Jacob,223,584765,1108,4313582,6.096374439875865e-10,3.1355136646172356e-09
743,Catrina Mendoza,107,584765,443,4313582,7.228151553394716e-10,3.7075936404609556e-09
2285,Jestine Flynn,586,584765,3412,4313582,9.977409511823625e-10,5.104035027150634e-09
343,Kristi Shoemaker,69,584765,248,4313582,1.1059255971897084e-09,5.642296009254732e-09
2298,Trevor Lee,70,584765,253,4313582,1.1124693856601956e-09,5.660505991741583e-09
1415,Natisha Edmondson,61,584765,209,4313582,1.1325994848136694e-09,5.747564852267768e-09
334,Griselda James,39,584765,109,4313582,1.1632676547123087e-09,5.887495603504052e-09
935,Ileen Davidson,108,584765,452,4313582,1.1699309677360423e-09,5.905513611675566e-09
1303,Cicely Hayward,42,584765,122,4313582,1.2216759530941e-09,6.150395076026646e-09
2035,Faustina Lucas,117,584765,503,4313582,1.4579538785598796e-09,7.320544144853433e-09
612,Lazaro Dove,101,584765,416,4313582,1.5028733752718246e-09,7.526231666163901e-09
533,Santiago Cisneros,750,584765,4504,4313582,1.6064100564674843e-09,8.023617683615807e-09
2188,Janette Erwin,740,584765,4440,4313582,1.7562550609858159e-09,8.749092620565465e-09
88,Barbara Beal,205,584765,1014,4313582,1.885955762481311e-09,9.370688814626462e-09
2279,Gavin Corey,104,584765,435,4313582,2.191051404362858e-09,1.0858257350266976e-08
348,Sherron Fletcher,90,584765,360,4313582,2.211419976196379e-09,1.0930733025199243e-08
53,Kitty Whitmore,1229,584765,7742,4313582,2.4540598297521986e-09,1.2098642114037392e-08
77,Alphonso Roach,187,584765,913,4313582,3.183312244891012e-09,1.565334160730645e-08
319,Marianela Rhodes,93,584765,379,4313582,3.439766061286843e-09,1.687081137790944e-08
1344,Brianna Nance,2992,584765,19984,4313582,3.5170219524815854e-09,1.7205379885790378e-08
2320,Sharyn Medeiros,308,584765,1655,4313582,3.803123172485176e-09,1.8557290762152026e-08
2128,Woodrow Mcelroy,469,584765,2684,4313582,4.4778170606747534e-09,2.1793569990956664e-08
2253,Estell Braun,73,584765,277,4313582,5.32206138764388e-09,2.5836435767056897e-08
1708,Jackson Swann,219,584765,1112,4313582,5.64025997958496e-09,2.7311487890967374e-08
647,Julienne Guidry,108,584765,465,4313582,6.194173793301798e-09,2.991754499658204e-08
1673,Camille Calderon,99,584765,417,4313582,7.383722930476236e-09,3.557272085239564e-08
1829,Nenita Christy,58,584765,204,4313582,7.953567063634568e-09,3.8221308389132787e-08
1689,Ayako Kidd,205,584765,1033,4313582,8.76516434787757e-09,4.2015384770808604e-08
721,Felecia Kirkland,235,584765,1216,4313582,9.128849152987051e-09,4.364874356315165e-08
225,Magaly Haines,262,584765,1384,4313582,1.0238106980869867e-08,4.882986863307107e-08
422,Shawn Hinson,40,584765,121,4313582,1.088318215958543e-08,5.1776739124227686e-08
2243,Kathern Kidd,63,584765,231,4313582,1.2134940057579005e-08,5.758800730566795e-08
979,Richard Tidwell,64,584765,237,4313582,1.4442968302428646e-08,6.837056885453163e-08
1973,Scottie Tillman,77,584765,304,4313582,1.4545000862609283e-08,6.86827211949019e-08
1005,Earlene Sheehan,73,584765,284,4313582,1.6718563503702534e-08,7.875105531570772e-08
230,Sasha Dwyer,281,584765,1510,4313582,1.6882277963496316e-08,7.932586410995922e-08
367,Karla Luna,315,584765,1724,4313582,1.7204615285849106e-08,8.064133716495283e-08
657,Jackson Koenig,314,584765,1720,4313582,1.968871899278636e-08,9.205806447978488e-08
580,Samual David,247,584765,1304,4313582,2.4255475535603838e-08,1.1313276947121104e-07
158,Catina Lovett,827,584765,5100,4313582,2.7482809498652833e-08,1.278723385719715e-07
2209,Shera Lacey,201,584765,1024,4313582,2.8401240103737655e-08,1.3182331687173842e-07
1609,Wanda Montes,161,584765,785,4313582,3.105950258951225e-08,1.438107869290555e-07
23,Korey Battle,409,584765,2338,4313582,3.403333848279277e-08,1.5719767750668605e-07
260,Rufina Locke,62,584765,233,4313582,4.2372025507258586e-08,1.952396235842932e-07
1102,Emmett Dalton,362,584765,2041,4313582,4.5395868502845916e-08,2.0866748251428932e-07
732,Titus Whatley,42,584765,136,4313582,4.88270365424508e-08,2.2389843503682862e-07
1986,Clara Chung,79,584765,324,4313582,5.793421403105505e-08,2.650211762045619e-07
429,Jenny Rowe,39,584765,123,4313582,5.9400671391114156e-08,2.710778840702404e-07
884,Kristin Vernon,1553,584765,10096,4313582,6.195934623797723e-08,2.8207807629394897e-07
1505,Thaddeus Putnam,113,584765,513,4313582,6.256055208391574e-08,2.8413539526418055e-07
1521,Yuki Mckinnon,79,584765,326,4313582,7.664101639800658e-08,3.472567957271584e-07
1726,Loan Brunson,192,584765,984,4313582,8.614798261772456e-08,3.894052515950827e-07
1983,Williemae Dominguez,35,584765,108,4313582,1.3222668171618578e-07,5.962734011988187e-07
2040,Kristine Serrano,140,584765,678,4313582,1.4257840878014915e-07,6.414343071125859e-07
1549,Hsiu Layne,821,584765,5112,4313582,1.4376237344788282e-07,6.452353695078326e-07
1045,Kay Haynes,74,584765,304,4313582,1.5148916082693636e-07,6.783149954203762e-07
1017,Juana Mccarty,55,584765,205,4313582,1.5813499286605797e-07,7.064105432490806e-07
735,Lashawnda Bartholomew,37,584765,118,4313582,1.6691282205144973e-07,7.438761132644235e-07
1798,Glen Humphries,120,584765,563,4313582,1.7229422024266856e-07,7.660651895369118e-07
96,Harriet Cherry,57,584765,216,4313582,1.825068494008131e-07,8.095816652907863e-07
2064,Bettyann Landis,81,584765,346,4313582,2.5880080934661926e-07,1.1453440469456197e-06
1748,Royce Barton,88,584765,386,4313582,3.0258307957474743e-07,1.335999072925161e-06
1007,Verena Duncan,214,584765,1138,4313582,3.166241929422053e-07,1.3947588869653163e-06
126,Deb Albert,66,584765,267,4313582,3.453361606382535e-07,1.5177245119967585e-06
1216,Lakita Beal,56,584765,215,4313582,3.658046256804883e-07,1.6039774255068416e-06
1542,Lala Regan,159,584765,807,4313582,5.134778126600667e-07,2.2463178792922e-06
67,Dora Mcnally,251,584765,1378,4313582,5.170531695246914e-07,2.256771058728183e-06
2177,Juana Avila,131,584765,640,4313582,5.521630980536316e-07,2.404499715322794e-06
1063,Ronni Newman,154,584765,779,4313582,6.123640431166671e-07,2.6605679772854283e-06
1636,Marian Nash,116,584765,554,4313582,6.855723125154724e-07,2.9718544663256127e-06
831,Genesis Clifton,75,584765,323,4313582,9.226514109494566e-07,3.9904673523564e-06
1569,Chong Foote,39,584765,135,4313582,9.352520226813871e-07,4.035792741865487e-06
530,Beatriz Vernon,60,584765,242,4313582,9.504833098502022e-07,4.092239227703472e-06
622,Latia Capps,40,584765,140,4313582,9.65578551737844e-07,4.147846464914486e-06
2207,Jamika Franklin,762,584765,4776,4313582,9.774040284091383e-07,4.189188887528356e-06
1886,Ruthe Ponce,37,584765,126,4313582,1.065210549280809e-06,4.555271180407594e-06
2292,Clotilde Santana,53,584765,207,4313582,1.2507649840406993e-06,5.336784225626571e-06
2003,Jaimee Short,36,584765,122,4313582,1.2610097699450629e-06,5.368459937819809e-06
406,Vernie Matos,95,584765,439,4313582,1.3450884881085248e-06,5.713623644800274e-06
941,Clifford Richard,734,584765,4600,4313582,1.4790854292881614e-06,6.268818645735794e-06
1763,Shelton Carpenter,75,584765,327,4313582,1.5159516100056848e-06,6.410790919646263e-06
1064,Junior Miner,51,584765,198,4313582,1.5645335518008195e-06,6.601568401501019e-06
1975,Ethel Thurman,218,584765,1189,4313582,1.617204272094346e-06,6.808716216361815e-06
1929,Vernice Castillo,72,584765,311,4313582,1.635357062083229e-06,6.869943684645441e-06
224,Jeffery Olsen,152,584765,781,4313582,1.8119236979314697e-06,7.5949136501400595e-06
1574,Mariette Horn,55,584765,220,4313582,1.8547991244698922e-06,7.757544470035615e-06
825,Karren Mcnamara,358,584765,2093,4313582,1.8838703265427211e-06,7.86185357765526e-06
1183,Ena Cagle,103,584765,489,4313582,1.94810628106653e-06,8.11213622072124e-06
1496,Moriah Brunner,203,584765,1098,4313582,1.9772063584557637e-06,8.215335589828206e-06
1086,Alpha Mayer,57,584765,232,4313582,2.2827333843375517e-06,9.46414298560863e-06
1534,Jacqueline Wilson,38,584765,135,4313582,2.533559707993576e-06,1.048122635719951e-05
495,Ellyn Stringer,114,584765,557,4313582,2.6463521995693024e-06,1.0924095956139658e-05
162,Geralyn Harley,47,584765,181,4313582,2.866672215289882e-06,1.1807959362979753e-05
1400,My Hearn,123,584765,612,4313582,2.979983038467029e-06,1.2248180825491914e-05
1058,Yoshiko Crenshaw,53,584765,213,4313582,3.1821927067690257e-06,1.3051105002115207e-05
1112,Brady Rosa,52,584765,208,4313582,3.320902215509346e-06,1.3590703045407065e-05
1233,Adeline Switzer,783,584765,4967,4313582,3.8132948029177195e-06,1.557231761792365e-05
2201,Shandi Childress,122,584765,609,4313582,3.822331602772222e-06,1.5575796659690662e-05
1378,Garnett Ogle,299,584765,1726,4313582,4.212716052790304e-06,1.712991164200844e-05
2250,Thaddeus Gould,63,584765,269,4313582,4.270612149469616e-06,1.7328304734415095e-05
423,Ellamae Chambers,43,584765,163,4313582,4.397451680890705e-06,1.78050011675213e-05
2027,Mitchell Ray,80,584765,365,4313582,4.730089860133242e-06,1.9111169859519236e-05
327,Chasidy Livingston,91,584765,429,4313582,5.090426313397728e-06,2.052347727626245e-05
2165,Adolph Kirkpatrick,99,584765,476,4313582,5.230937853588007e-06,2.104540113187733e-05
1793,Billi Howe,37,584765,134,4313582,5.477967571773688e-06,2.199276854237411e-05
168,Mercy Lehman,93,584765,442,4313582,5.815760771331876e-06,2.329977420598855e-05
1157,Len Cote,45,584765,175,4313582,5.8699287387259184e-06,2.346738317183912e-05
1130,Marybeth Milton,107,584765,525,4313582,6.12903540593272e-06,2.4451895969580642e-05
1072,Lessie Aguilera,34,584765,120,4313582,6.369912108947326e-06,2.5359712852148033e-05
2281,Claudia Turner,237,584765,1337,4313582,7.424289255552592e-06,2.9495662741788272e-05
797,Marti Longoria,35,584765,126,4313582,7.920071277616986e-06,3.1399782586052346e-05
2287,Elodia Arnold,54,584765,225,4313582,8.339260797849158e-06,3.2992959040139186e-05
2263,Delana Camp,361,584765,2150,4313582,9.100457944781108e-06,3.592981632555695e-05
918,Ahmad Hess,377,584765,2258,4313582,9.914563697654693e-06,3.9062970427819624e-05
2121,Kathie Baker,74,584765,338,4313582,1.0352089952528653e-05,4.070253549516948e-05
1071,Loni Angel,40,584765,153,4313582,1.1042656866421145e-05,4.332819797278235e-05
630,Carl Parks,85,584765,402,4313582,1.1071180806195407e-05,4.3350734720555266e-05
1013,Jeffery Campos,313,584765,1839,4313582,1.1196754686637045e-05,4.375241102396365e-05
723,Pia Lockett,44,584765,174,4313582,1.1557172238943366e-05,4.506823518587956e-05
1948,Star Donahue,50,584765,206,4313582,1.1913929869762496e-05,4.6364434646539936e-05
1961,Yvonne Pelletier,222,584765,1250,4313582,1.2052428518472214e-05,4.680769687888291e-05
1287,Maren Lacy,1010,584765,6588,4313582,1.5967612815564917e-05,6.188669488395119e-05
342,Shelia Trent,47,584765,192,4313582,1.6029307835537655e-05,6.199953823379706e-05
1047,Altha Dowling,1972,584765,13329,4313582,1.6836451603628838e-05,6.498938621035635e-05
337,Sylvie Ham,66,584765,297,4313582,1.6903571330305647e-05,6.511638915297904e-05
2231,Blanch Knutson,213,584765,1199,4313582,1.718155270914343e-05,6.605352485959586e-05
1232,Gale Frey,148,584765,790,4313582,1.9376557168909055e-05,7.419233056827753e-05
1290,Judi Marino,189,584765,1048,4313582,1.9354171701442792e-05,7.419233056827753e-05
1751,Mandy Dorman,50,584765,211,4313582,2.3924911646653465e-05,9.142390936462156e-05
1778,Bettie Hickey,56,584765,244,4313582,2.4093715701787384e-05,9.188445086272824e-05
1363,Allie Booker,31,584765,112,4313582,2.450786804243887e-05,9.327694576952233e-05
2161,Valeria Crowder,320,584765,1904,4313582,2.4869108773630072e-05,9.446290218805994e-05
1419,Emelia Mcguire,246,584765,1421,4313582,2.702710516429938e-05,0.0001024553408917564
1850,Enriqueta Mcnamara,29,584765,103,4313582,2.8954018001682086e-05,0.00010954174206202984
1377,Corliss Mims,49,584765,207,4313582,2.9079640718553433e-05,0.00010979872279247458
1211,Liza Hill,119,584765,617,4313582,2.9642254122695965e-05,0.00011170140513958499
587,Raymond Siegel,187,584765,1044,4313582,3.1591138798100905e-05,0.00011881015243633602
468,Everett French,46,584765,192,4313582,3.459548839536152e-05,0.0001298524939178954
416,Ulysses Kauffman,82,584765,397,4313582,3.6791953439983174e-05,0.00013782497518954328
219,Laurette Collier,135,584765,719,4313582,3.731478785198011e-05,0.00013950892196919085
554,Otelia Landers,105,584765,535,4313582,3.8138414067198965e-05,0.00014230863131348948
923,Felisa Loomis,36,584765,140,4313582,3.983355057617198e-05,0.00014834294862320013
2089,Clint Christiansen,59,584765,265,4313582,4.002170536687474e-05,0.00014875254943977077
1844,Terra Esposito,134,584765,714,4313582,4.047835261693952e-05,0.00015015654001956317
1354,Josephina Gentry,388,584765,2370,4313582,4.201482830192783e-05,0.00015555295381044487
1776,Hildegard Conway,58,584765,260,4313582,4.308264998033995e-05,0.00015919666584968332
134,Roxy Gibbons,72,584765,342,4313582,5.180852743444636e-05,0.0001910690459452547
601,Ethel English,46,584765,195,4313582,5.227022856072553e-05,0.0001923989264043727
1528,Tasia Rojas,29,584765,106,4313582,5.2507583715094866e-05,0.00019252780695534785
456,Rueben Lockett,29,584765,106,4313582,5.2507583715094866e-05,0.00019252780695534785
939,Clark Akins,124,584765,656,4313582,5.32389922623084e-05,0.00019483423514456323
1893,Telma Simon,61,584765,279,4313582,5.4034320374109537e-05,0.00019736528152002007
1269,Al Kincaid,513,584765,3224,4313582,5.8939887058814104e-05,0.00021487089094429738
745,Evangelina Magana,55,584765,246,4313582,6.0339757697585175e-05,0.00021955364990153842
1292,Leeanne Duff,141,584765,764,4313582,6.0869970504306106e-05,0.0002210602173085773
69,Migdalia Barr,120,584765,634,4313582,6.440027795452332e-05,0.00023343567418563407
154,Winfred Pollock,106,584765,549,4313582,6.987645233822392e-05,0.0002528039711019774
1244,Ching Mosley,457,584765,2850,4313582,7.022778833050374e-05,0.00025359294344013024
2110,Margot Ray,81,584765,399,4313582,7.534389555413664e-05,0.0002715519568930342
2244,Elinore Aguirre,116,584765,613,4313582,8.351072784939926e-05,0.000300417608879786
2294,Dominga Seaman,106,584765,552,4313582,8.723532317329628e-05,0.00031322418867694876
149,Albertina Temple,46,584765,199,4313582,8.863572003645431e-05,0.00031765306069561687
2257,Marianna Tolbert,122,584765,652,4313582,9.418603309073374e-05,0.00033690981385651564
1882,Emeline Bryant,36,584765,146,4313582,0.00010364398166613748,0.00037004596080799176
945,Dara Toney,30,584765,115,4313582,0.00010843910637649328,0.0003864412348960051
875,Gilberto Dunlap,49,584765,218,4313582,0.00011837765973660777,0.0004210704420163824
1141,Vonda Giles,71,584765,345,4313582,0.00012091291866422772,0.000429285978018704
683,Adrian Voss,31,584765,121,4313582,0.00012547629585878147,0.0004446580838347507
2001,Rubie Mcmillan,253,584765,1502,4313582,0.00012994889569125563,0.0004596519488856124
1478,Rocio Gates,324,584765,1975,4313582,0.00013748608725221048,0.00048541006315576347
2269,Caroline Mcgraw,114,584765,608,4313582,0.00013863442260606896,0.0004885579744802763
753,Ellamae Payton,46,584765,203,4313582,0.00014670313132470435,0.000516037077469339
560,Coy Casey,122,584765,660,4313582,0.00015882042306468065,0.0005576296403913049
1819,Rochell Connors,43,584765,188,4313582,0.00018080005771524123,0.0006336326147920885
1083,Edward Carmona,525,584765,3347,4313582,0.00018838759784347658,0.0006590102917208382
1050,Tesha Leslie,28,584765,108,4313582,0.000190931276278264,0.0006666829701973146
968,Lahoma Kirk,35,584765,145,4313582,0.00019768427480666345,0.0006889984889323819
1809,Leanora Nesbitt,37,584765,156,4313582,0.00020380801212649012,0.0007090432304875881
1616,Eddy Raymond,83,584765,423,4313582,0.0002064497690815051,0.0007169231944563945
1714,Janine Dale,57,584765,270,4313582,0.0002374258655608826,0.000822989840004298
746,Lanelle Shipp,66,584765,323,4313582,0.00024223105587201183,0.0008381194533171608
1277,Keturah Richardson,424,584765,2667,4313582,0.00024364789248271132,0.0008414917230392008
807,Sanora Zamora,101,584765,536,4313582,0.0002510860876301164,0.0008656101897828106
424,Adella Newell,33,584765,136,4313582,0.0002541537176252739,0.0008730226076550474
127,Katelin Darling,33,584765,136,4313582,0.0002541537176252739,0.0008730226076550474
967,Mack King,63,584765,306,4313582,0.0002589014487776632,0.000887728751394402
596,Yevette Tatum,650,584765,4220,4313582,0.00026078113578540605,0.0008925656499993305
120,Warner Tabor,86,584765,446,4313582,0.0002982105277618499,0.0010188413542743273
1699,Ching Kimball,270,584765,1636,4313582,0.00030356460355457354,0.0010352749830902393
306,Clemente Dodge,44,584765,198,4313582,0.000309891404555333,0.001054961257368155
71,Dalila Amos,86,584765,447,4313582,0.00032151291107347256,0.0010925697674514612
195,Jim Nielsen,286,584765,1746,4313582,0.00034134569370669756,0.0011578981374756603
2056,Claretha Mcintosh,287,584765,1753,4313582,0.00034518307599664517,0.0011688316612484266
844,Vince Arellano,272,584765,1654,4313582,0.00036142658391394864,0.0012216603715599363
2160,Charity Kendrick,36,584765,155,4313582,0.00037413799371744766,0.001262384046177842
742,Federico Huber,31,584765,128,4313582,0.0003790180184755467,0.001276586352493744
1846,Lolita Case,45,584765,206,4313582,0.00040578186818116473,0.0013643160691674142
231,Contessa King,100,584765,537,4313582,0.0004099597340275296,0.0013759318762864002
258,Jeanne Rowell,29,584765,118,4313582,0.0004179337308220057,0.0014002251580180931
1498,Otto Herron,95,584765,508,4313582,0.00047360450055664564,0.001583953189032156
538,Cheryle Hinds,222,584765,1331,4313582,0.0005232269997971089,0.001746843825638418
1655,Reita Bates,43,584765,197,4313582,0.0005309024906018336,0.001769365043109088
2255,Alfredo Gregg,47,584765,220,4313582,0.0005362352645975397,0.001784013476449507
1074,Malorie Poe,32,584765,136,4313582,0.0005513676730348288,0.0018311565127142745
665,Candi Chung,33,584765,142,4313582,0.0005937889154525935,0.0019686068050632152
1597,Barbie Stanley,30,584765,126,4313582,0.0006205262380949012,0.0020501066512058973
1493,Faustino Ott,41,584765,187,4313582,0.000620191047666177,0.0020501066512058973
1435,Julio Swartz,26,584765,105,4313582,0.0006529742308717725,0.002153570123655083
1379,Steve Dow,29,584765,121,4313582,0.0006562753603111559,0.0021607128212320584
2103,Susy Pate,94,584765,507,4313582,0.0006724129877560592,0.0022098875590919487
1990,Talisha Benavides,31,584765,132,4313582,0.000673533780490452,0.0022098875590919487
206,Tanya Dotson,37,584765,166,4313582,0.0007472395364859429,0.002447498860469448
491,Sachiko Short,40,584765,183,4313582,0.0007516905054964713,0.002457847133951521
2261,Evette Gross,170,584765,998,4313582,0.0007898757887524418,0.0025782738010221213
1408,Gil Rock,25,584765,101,4313582,0.0007988593590374381,0.0026031324661785014
1321,Sammy Hughes,82,584765,435,4313582,0.0008062231701545558,0.002618161591815904
36,Bibi Daugherty,340,584765,2136,4313582,0.0008058769834610455,0.002618161591815904
625,Luetta Stern,1117,584765,7546,4313582,0.0008269510826208722,0.0026808993359923672
1048,Karla Bentley,31,584765,134,4313582,0.0008851453640926955,0.0028646796392319722
1852,Delinda Mckinney,26,584765,107,4313582,0.0008917284489141948,0.002881085294199852
817,Herschel Singleton,139,584765,799,4313582,0.0009075521165188508,0.00292724013175487
1820,Maggie Kennedy,92,584765,500,4313582,0.0009642611810886837,0.0031048883715935113
1683,Johana Tompkins,35,584765,157,4313582,0.000979038226611878,0.0031418376816903944
1805,Delisa Hawk,35,584765,157,4313582,0.000979038226611878,0.0031418376816903944
265,Herminia Triplett,116,584765,655,4313582,0.0011313801709472164,0.0036246068439605267
2208,David Hoyt,208,584765,1259,4313582,0.0012001728650674576,0.0038385360709636504
590,Reiko Goddard,115,584765,650,4313582,0.001222577864654845,0.0039036336852989427
1399,Jacqui Workman,31,584765,137,4313582,0.0013111841606998527,0.004179536780254304
1736,Somer Dillard,109,584765,613,4313582,0.001323054116432716,0.004210321042761637
820,Bridget Guerrero,37,584765,171,4313582,0.0013386685311640302,0.00425289852221227
722,Elfrieda Shearer,61,584765,313,4313582,0.0013493168241001238,0.0042795831937708926
1294,Bill Starkey,35,584765,160,4313582,0.0013987261886591138,0.004428911708849074
524,Maryanna Croft,307,584765,1931,4313582,0.0014464672450509575,0.004572470377627861
1969,Starr Luna,93,584765,513,4313582,0.001468753592896398,0.0046352207085934415
490,Abel Velasquez,67,584765,351,4313582,0.0014981162839567015,0.004720058424452986
1214,Annett Madden,29,584765,127,4313582,0.0015089501485011031,0.004746334103467106
1271,Meryl Diamond,32,584765,144,4313582,0.0015637934025825536,0.004910724166855775
558,Lael Terry,194,584765,1173,4313582,0.0015873482300387699,0.004976480530088598
1650,Johnnie Torres,68,584765,358,4313582,0.0015954762477998058,0.004993735690070774
1111,Izola Knowles,55,584765,279,4313582,0.0016318560435785816,0.005097144121522838
1073,Marianela Browning,102,584765,572,4313582,0.0016338717362737421,0.005097144121522838
236,Bibi Cullen,84,584765,458,4313582,0.001638921793532827,0.005104530561526955
1769,Cecille Dow,115,584765,656,4313582,0.0016894362054391146,0.005253263233579469
2051,Angeline Winter,53,584765,268,4313582,0.001783544211211532,0.005536842795979682
1015,Marcelo Diaz,24,584765,101,4313582,0.0018069496298210334,0.0056003666865625835
1150,Dagmar Doherty,36,584765,168,4313582,0.0018132193772827819,0.005610660934909161
1658,Laila Crocker,71,584765,379,4313582,0.001902228663121322,0.0058765278342855125
1311,Murray Teague,29,584765,129,4313582,0.001953555879979151,0.0060253109231771865
1556,Ethan Lilly,153,584765,908,4313582,0.002072362335234574,0.006381400524193195
805,Patti Unger,64,584765,337,4313582,0.002087771054899872,0.0064184625484240004
838,Tarsha Wallace,63,584765,331,4313582,0.002112066560325537,0.006482681716612091
1362,Casimira Jacobs,139,584765,817,4313582,0.002162668886299665,0.006627309002622001
2060,Tiesha Sloan,35,584765,164,4313582,0.002196447645269818,0.006719999789306211
2002,Eliseo Brunner,36,584765,170,4313582,0.0022530178184177263,0.006882011089003103
921,Arden Dorman,80,584765,438,4313582,0.0022810051849719423,0.0069563347227589835
1907,Armand Rocha,30,584765,136,4313582,0.0023214764326999547,0.0070684314422848225
1161,Cathrine Cameron,137,584765,806,4313582,0.0023822683003900196,0.007241943411569021
1516,Arlene Greer,65,584765,345,4313582,0.002386181436671363,0.007242269974458698
409,Elma Smith,124,584765,722,4313582,0.002491892477801191,0.007551069084802017
517,Paulita Mathis,271,584765,1705,4313582,0.0025606523435227897,0.007747092861246214
1433,Precious Hubbard,28,584765,126,4313582,0.002704057271735732,0.008167969822401745
2271,Pearly Covington,43,584765,213,4313582,0.002735432611664248,0.008249648589535759
112,Coralee Mcrae,221,584765,1371,4313582,0.002964680440161473,0.008926877970929246
1113,Alix Hummel,76,584765,417,4313582,0.0029805176326451097,0.008960387132580796
1964,Sidney Winter,110,584765,635,4313582,0.0030392976890441887,0.009122686912067968
251,Sina Nolan,36,584765,173,4313582,0.003084155484132296,0.009242752576856314
394,Lakia Cardona,159,584765,959,4313582,0.0033367407251383417,0.00998398993700985
72,Yvonne Short,25,584765,111,4313582,0.003377503767330796,0.010090093672261389
1117,Birgit Cobb,38,584765,186,4313582,0.0034991713061488816,0.010437183378685457
821,Chantell Fleming,149,584765,894,4313582,0.0035229775868243557,0.010491747023046557
2065,Leana Morton,48,584765,246,4313582,0.003553982867461319,0.010567545932467016
551,Kazuko Wilson,241,584765,1512,4313582,0.003576277681403521,0.010617248717177693
278,Eleni Yarbrough,65,584765,352,4313582,0.00389249746839666,0.01153804156130661
188,Kacie Diamond,123,584765,725,4313582,0.003910667630395886,0.01157387325138938
526,Anjanette Munoz,33,584765,158,4313582,0.003985447732013739,0.011776874276431903
1104,Victoria Vaughan,31,584765,147,4313582,0.004248108653014956,0.012533567080135598
1669,Delmer Yarbrough,75,584765,417,4313582,0.0044195487921926645,0.013019197138610899
141,Adelle Rosado,330,584765,2129,4313582,0.004540269106678657,0.0133541454559652
404,Margert Ritter,186,584765,1148,4313582,0.004609185490457193,0.013535925907932157
1200,Melania Yancey,585,584765,3905,4313582,0.004757097596180202,0.01394877769727415
586,Georgine Farr,237,584765,1494,4313582,0.00476506604526334,0.013950647206363286
1479,Gwendolyn Macias,33,584765,160,4313582,0.004895869876351719,0.014289632476529635
61,Harland Tobin,28,584765,131,4313582,0.004890771924285864,0.014289632476529635
1833,Lynsey Hinson,45,584765,232,4313582,0.005029869914391572,0.014658257958785852
2316,Yajaira Patton,233,584765,1469,4313582,0.005100972660997099,0.0148427384921674
1719,Marketta Ashby,61,584765,331,4313582,0.005112138377383701,0.014852518064368218
1201,Erik Wilcox,32,584765,155,4313582,0.005340577184572938,0.015492558509515702
1814,Earleen Hickman,45,584765,233,4313582,0.005458563233790679,0.015810724252516988
410,Eartha Charles,26,584765,121,4313582,0.005769624177157568,0.01668631429959096
1350,Hong Reid,94,584765,544,4313582,0.0058322895280284275,0.016841952916294534
1438,Aurelia Boyle,69,584765,384,4313582,0.006030615567460923,0.017361968872735455
1909,Davina Hoover,34,584765,168,4313582,0.006027849994420135,0.017361968872735455
252,Cris Meier,37,584765,186,4313582,0.00610780660248102,0.017557637408642572
984,Edgardo Kennedy,25,584765,116,4313582,0.006263347729556089,0.017977602910022983
8,Felicia Nava,99,584765,579,4313582,0.0065947366272019635,0.01890027680958635
1737,Kandi Bateman,58,584765,316,4313582,0.00660504726684066,0.018901360825259814
731,Joette Blalock,193,584765,1206,4313582,0.006675252171139832,0.019073580903422073
606,Riva Crowley,114,584765,678,4313582,0.006790910136022041,0.019374965500524654
2169,Frieda Burroughs,184,584765,1146,4313582,0.006869659325484374,0.019570301940713717
912,Exie Hilton,26,584765,123,4313582,0.007241426901740898,0.02059855813753801
1608,Marilou Lyon,50,584765,268,4313582,0.007555602214548934,0.021460165692965105
2301,Robby Esparza,79,584765,452,4313582,0.007607063277480845,0.02157413027875715
848,Rolland Seals,752,584765,5110,4313582,0.007754283118793748,0.021958929724798366
740,Asley Mcgee,25,584765,118,4313582,0.007883115925855522,0.0222530858029619
537,Ricardo Rutherford,25,584765,118,4313582,0.007883115925855522,0.0222530858029619
1987,Madelene Pederson,59,584765,325,4313582,0.007900304358402737,0.0222530858029619
144,Taylor Blue,86,584765,498,4313582,0.007904932213768914,0.0222530858029619
877,Myrtis Daugherty,81,584765,467,4313582,0.008507670956783597,0.02391447242357339
1543,Dianna Medley,24,584765,113,4313582,0.008579959836809864,0.02408209965995453
465,Marianne Fowler,48,584765,258,4313582,0.009002657253544353,0.025231305969801037
101,Judie Mayo,137,584765,838,4313582,0.009182293959327625,0.025659185616153407
868,Magnolia Hollingsworth,58,584765,321,4313582,0.009170428110791651,0.025659185616153407
1930,Oralia Chang,23,584765,108,4313582,0.009336073660327227,0.026050657148977585
1660,Lesa Rider,96,584765,568,4313582,0.00996297425891468,0.02775920939196872
1945,Aurore Dubois,27,584765,132,4313582,0.010168027109022941,0.02820664079951991
1192,Brandon Devine,22,584765,103,4313582,0.01015566186490911,0.02820664079951991
634,Terisa Bourgeois,22,584765,103,4313582,0.01015566186490911,0.02820664079951991
483,Echo Boston,199,584765,1260,4313582,0.010194600923475397,0.028221142984899833
792,Emily Pettit,49,584765,266,4313582,0.01020291454209726,0.028221142984899833
2264,Eula Acosta,43,584765,229,4313582,0.010431194386074349,0.02881068638127647
605,Lonnie Pepper,33,584765,168,4313582,0.01047253482505155,0.028882947495758114
542,Earlie Cunningham,25,584765,121,4313582,0.010943220480340653,0.030137407487826718
379,Paul Goetz,43,584765,230,4313582,0.011241827086085128,0.0309150244867341
1813,Milan Medley,22,584765,104,4313582,0.011404273007879034,0.03131649572004878
546,Karlyn Chang,30,584765,151,4313582,0.01146027557597359,0.03142493432431951
1334,Steffanie Ashley,27,584765,134,4313582,0.012425095551466312,0.034021520625094094
377,Hester Lopes,101,584765,606,4313582,0.012515428850828337,0.03421962802173322
1190,Marisha Hammons,99,584765,593,4313582,0.01263977145173698,0.03451002162504372
1859,Mandy Yang,803,584765,5506,4313582,0.012868534581989223,0.03508427121708523
317,Pasty Tran,205,584765,1310,4313582,0.013345756124621648,0.03633329600165235
1614,Anya Littlejohn,89,584765,529,4313582,0.013805507792033274,0.03753125904034189
122,Joslyn Gage,56,584765,315,4313582,0.013931366072497453,0.0378193860712734
1525,Epifania Bond,36,584765,190,4313582,0.014364207131065333,0.038938869188628676
442,Fermina Ames,23,584765,112,4313582,0.014537997882328674,0.03935392598872186
1299,Loreen Haley,87,584765,517,4313582,0.014568554416792088,0.03938062365789111
1662,Leah Dupre,25,584765,124,4313582,0.014900126894172644,0.04021977514838374
1030,Abbey Tobin,26,584765,130,4313582,0.01500647487847503,0.04044946415543624
839,Albert Jansen,29,584765,148,4313582,0.015087664248092578,0.04061078509776545
1176,Pearlene Thornton,38,584765,203,4313582,0.015134495803059806,0.0406793015723486
512,Sadie Wade,34,584765,179,4313582,0.01590668629098465,0.04269453316183891
2317,Charley Freeman,25,584765,125,4313582,0.016447106894884655,0.04408287946614859
1285,Kristan Spence,26,584765,131,4313582,0.01652126967890337,0.04421937580724769
1536,Damon Walden,27,584765,137,4313582,0.01655175825518246,0.04423875837024189
1572,Evelyne Ross,152,584765,957,4313582,0.01735289351440676,0.04631494580352885
160,Elbert Ennis,85,584765,509,4313582,0.018479094620444222,0.04925170456961534
617,Kristy Gaston,22,584765,109,4313582,0.019609264733525027,0.052190812290766615
1106,Cierra Wilder,27,584765,139,4313582,0.019861249634851037,0.05278765091497419
1270,Angelika Gary,64,584765,373,4313582,0.020075233920649103,0.053281966737789746
1841,Cleora Dobbins,312,584765,2068,4313582,0.0205800803194804,0.0545458117659766
1631,Lanell Farmer,54,584765,309,4313582,0.02086189450232616,0.05521583482326381
1709,Marta Browning,23,584765,116,4313582,0.021817338802833527,0.05766443853026695
266,Chandra Guzman,41,584765,227,4313582,0.022045365513659806,0.05818631147364024
794,Irina Massey,22,584765,111,4313582,0.023956004274920645,0.06314165669691688
1816,Phuong Vogel,35,584765,191,4313582,0.024809008792217528,0.06529950723594738
640,Linnea Peters,336,584765,2247,4313582,0.025867698410371127,0.06799203049024344
600,Odilia Putnam,26,584765,136,4313582,0.025999749759797606,0.06824486040399289
787,Ezra Fritz,3425,584765,24509,4313582,0.027375456738729154,0.07175687902727491
1140,Fumiko Landrum,114,584765,714,4313582,0.028540876156996544,0.07468892492268644
2007,Moshe Blackmon,25,584765,131,4313582,0.028572536701900013,0.07468892492268644
74,Elba Han,38,584765,212,4313582,0.028749924051126557,0.07504952739272132
629,Leroy Moser,29,584765,156,4313582,0.029581510659756328,0.07711454080207711
1027,Gene Cote,51,584765,296,4313582,0.029913792131833743,0.07787407171939756
1639,Irena Oldham,227,584765,1495,4313582,0.031818584974602285,0.08271962733151386
718,Ellyn Mallory,20,584765,102,4313582,0.03191131802370668,0.08284752823890015
329,Madison Sierra,80,584765,489,4313582,0.032825659786399244,0.08510521876501058
1979,My Hunter,27,584765,145,4313582,0.032968203131708416,0.08535849055733485
982,Jacquelynn Mueller,40,584765,227,4313582,0.03330090368657614,0.08598591548921901
1723,Skye Sweeney,291,584765,1944,4313582,0.033280186936881964,0.08598591548921901
1622,Frieda Glenn,172,584765,1116,4313582,0.03355912465383789,0.08653524961551966
2058,Marcene Roe,30,584765,164,4313582,0.03387542907010187,0.08723266782192673
1503,Usha Moya,63,584765,377,4313582,0.03404480354660416,0.08755035290430774
1178,Deane Kyle,24,584765,127,4313582,0.03423373179269078,0.08791739757286174
972,Jaquelyn Whalen,28,584765,152,4313582,0.035094311460186725,0.0900060306047646
2028,Florene Talbot,74,584765,451,4313582,0.0357460431882484,0.09155413214971293
1227,Gillian Dietz,190,584765,1244,4313582,0.03678723314170651,0.09409422670519824
1147,Glynis Holt,47,584765,274,4313582,0.03721901716412575,0.09504924628733606
2195,Tori Simpson,77,584765,472,4313582,0.03726050327396359,0.09504924628733606
2151,Celina Goss,28,584765,153,4313582,0.03786595747165292,0.0964644137463929
928,Micheline Hardy,571,584765,3933,4313582,0.0380129858573144,0.09670950813699104
845,Annalisa Mccauley,20,584765,104,4313582,0.03857049666593181,0.09799686936617923
950,Mafalda Britt,146,584765,942,4313582,0.038708763286258566,0.0982170353783334
166,Bree Daley,26,584765,141,4313582,0.03920548861150128,0.09921282556873262
810,Galen Curtis,30,584765,166,4313582,0.0391898406977987,0.09921282556873262
1800,Astrid Keith,90,584765,561,4313582,0.03983712894530683,0.10067736571436772
1295,Antionette Chappell,96,584765,602,4313582,0.040509975829453336,0.10224202122473436
1489,Cristine Head,55,584765,328,4313582,0.04070587377470233,0.10260036793809076
190,Kaila Parrott,687,584765,4767,4313582,0.041208978340314825,0.10373106584870254
191,Avril Pacheco,159,584765,1034,4313582,0.0414045516229746,0.10408568261363363
1470,Gertrud Day,26,584765,142,4313582,0.04235845862917692,0.1063432015452819
1532,Clyde Stevenson,202,584765,1335,4313582,0.04427174252697166,0.11100016604588545
937,Madeleine Higginbotham,22,584765,118,4313582,0.045134225176218894,0.11301372435571652
383,Shirlene Haines,32,584765,181,4313582,0.04603577784602683,0.11511969151246919
125,Cleora Conrad,47,584765,278,4313582,0.046187988821978145,0.115222138553592
312,Phylis Ponder,20,584765,106,4313582,0.04619784115417272,0.115222138553592
1212,Naoma Neely,39,584765,226,4313582,0.04626439612314148,0.11523710186169926
563,Christy Yu,79,584765,492,4313582,0.04850045690378416,0.12064884900379251
302,Tawna Ransom,88,584765,553,4313582,0.04883792657423043,0.12132973142396933
1158,Tifany Mullins,40,584765,234,4313582,0.05049689546998352,0.12528760375407905
2013,Pearle Solis,76,584765,473,4313582,0.05083867452368708,0.12597135106585483
324,Rolf Diggs,1233,584765,8716,4313582,0.05257838418123843,0.13011269843549642
91,Breana Crowell,151,584765,988,4313582,0.053160144630302254,0.13121109627946198
520,Rosana Mattingly,22,584765,120,4313582,0.05313539267805922,0.13121109627946198
167,Cheri Louis,24,584765,133,4313582,0.05525117196776318,0.13619557027804835
915,Terra Ledbetter,20,584765,109,4313582,0.05958962970112459,0.14669995513743866
249,Chrystal Fraser,56,584765,343,4313582,0.060290884358216536,0.1482345645138063
2083,Ocie Ibarra,19,584765,103,4313582,0.06054729758345843,0.1486729126468663
1116,Keenan Mayes,49,584765,297,4313582,0.06182935960604684,0.15162534965245766
1336,Cathern Felton,28,584765,160,4313582,0.06203344613798274,0.15193004890679684
254,Sonny Urban,139,584765,911,4313582,0.06256461294896212,0.15264161338701912
2312,Naoma Batts,25,584765,141,4313582,0.06246398567840889,0.15264161338701912
1757,Kaila Vann,139,584765,911,4313582,0.06256461294896212,0.15264161338701912
2054,Eula Schultz,79,584765,499,4313582,0.06300123841119445,0.1535100597906569
610,Ivana Barney,126,584765,822,4313582,0.0642868764997211,0.1564423605869172
752,Niki Dorman,22,584765,123,4313582,0.06695655652064034,0.16273094132666482
916,Randee Gallagher,31,584765,181,4313582,0.06902204048143129,0.16753691713796395
1069,Dawn Barlow,195,584765,1306,4313582,0.06935472272110708,0.16812998387040354
1087,Tina Sweet,28,584765,162,4313582,0.07059740845803648,0.17092476882397384
2254,Marcellus Renteria,41,584765,247,4313582,0.07131921493810636,0.17223409394316802
1766,Demetrice Perkins,41,584765,247,4313582,0.07131921493810636,0.17223409394316802
832,Shirley Crow,303,584765,2070,4313582,0.07200774152230334,0.1736764665613983
2062,Earlene Fenton,27,584765,156,4313582,0.07257027611225905,0.1745906895595815
1051,Cyndy Hancock,118,584765,771,4313582,0.07252603707546151,0.1745906895595815
1252,Nancy Clay,29,584765,169,4313582,0.07306732113730824,0.17556453551047674
155,Maudie Phipps,33,584765,195,4313582,0.07320813143911575,0.17568105186461197
2074,Estella Granger,124,584765,813,4313582,0.07343178953878013,0.17599583815150954
760,January Hart,49,584765,301,4313582,0.07442950997748737,0.1781627138203251
1003,Mari Carey,26,584765,150,4313582,0.0745886303462209,0.17831930094077686
1855,Prudence Abernathy,23,584765,131,4313582,0.07550514782139363,0.1802839351369035
1941,Lang Diaz,92,584765,594,4313582,0.077605518356156,0.18495307826413618
196,Malia Ferrell,29,584765,170,4313582,0.07765502340149491,0.18495307826413618
2200,Yee Hahn,1074,584765,7613,4313582,0.07801368607270986,0.1855750557454586
1899,Audria Stjohn,68,584765,431,4313582,0.08047926068446681,0.1911729935685089
1250,Floy Ashley,234,584765,1588,4313582,0.08056791426271367,0.1911729935685089
1491,Wen Mckenna,20,584765,113,4313582,0.08135317593725923,0.19279588270062803
1874,Lesli Groves,33,584765,197,4313582,0.08188287527925511,0.19338265036406005
2276,Lynn Starnes,53,584765,330,4313582,0.08190563121042164,0.19338265036406005
1527,Camila Kay,297,584765,2035,4313582,0.08170693727520208,0.19338265036406005
109,Scarlet Nguyen,18,584765,101,4313582,0.08524281656534408,0.20101249061195758
694,Jade Bourgeois,62,584765,392,4313582,0.08589764328723652,0.20180643848840876
192,Chantay Swain,428,584765,2972,4313582,0.08581545429613037,0.20180643848840876
1902,Darryl Hemphill,94,584765,611,4313582,0.08573032220634917,0.20180643848840876
2278,Pasty Short,130,584765,861,4313582,0.08658126242501239,0.20316170455585522
378,Lonny Foster,27,584765,159,4313582,0.08750140885739305,0.20506795696504798
83,Velvet Dodge,366,584765,2532,4313582,0.08934931894116536,0.209141148763884
1671,Rene Grayson,91,584765,592,4313582,0.09021504864213795,0.21090815425797113
896,Clemmie Ohara,216,584765,1467,4313582,0.09050249648956472,0.21132055315293458
1414,Barb Norman,18,584765,102,4313582,0.09202606179872601,0.21461470049384263
1982,Colin Hunt,236,584765,1610,4313582,0.09308590061816421,0.21682064733949388
1206,Lauretta Sweet,206,584765,1398,4313582,0.09338097866209223,0.21724205671633437
1177,Clyde Maxwell,61,584765,389,4313582,0.09896736250375016,0.2299571316784329
1065,Magdalena Lay,18,584765,103,4313582,0.09914625809783284,0.2300918648294828
1204,Shawanna Stamper,28,584765,168,4313582,0.10110214110667759,0.23434515776614795
55,Eleni Roper,50,584765,315,4313582,0.1016541451469229,0.23510841447385067
1676,Vesta Weir,46,584765,288,4313582,0.1016785208155434,0.23510841447385067
1624,Kori Zimmer,31,584765,188,4313582,0.10249616422779938,0.2367114084047357
932,Blondell Carney,187,584765,1270,4313582,0.10532816479372734,0.2429569667908644
2012,Denver Corley,18,584765,104,4313582,0.10660462723157214,0.24560363876716926
471,Verena Shipman,49,584765,310,4313582,0.10917207015396937,0.25121457013664295
993,Amy Cooke,121,584765,809,4313582,0.11321532453611519,0.2598899428133018
1428,Belia Redding,125,584765,837,4313582,0.11317515439066284,0.2598899428133018
1343,Un Byrd,34,584765,210,4313582,0.11386844218170131,0.2610742716527441
1501,Joetta Robertson,18,584765,105,4313582,0.11440135477659856,0.26198047910934663
669,Genaro Priest,131,584765,880,4313582,0.11564197884544597,0.26450322805635057
60,Yung Shah,299,584765,2072,4313582,0.11671049592459914,0.26662673918909024
1510,Karyn Parr,59,584765,381,4313582,0.12120549837956773,0.27656362519942135
467,Antony Baron,200,584765,1371,4313582,0.12457417264003512,0.2839097611185471
920,Angelita Roe,723,584765,5129,4313582,0.12524485968569135,0.2850968516529553
1799,Nydia Pyle,68,584765,444,4313582,0.12561796273914183,0.28560451982387924
1474,Randell Lutz,37,584765,233,4313582,0.12995502329701464,0.29483081853413406
685,Mitchell Watt,30,584765,186,4313582,0.12998584169739277,0.29483081853413406
1612,Emeline Root,18,584765,107,4313582,0.13100536696788845,0.29643663892971667
765,Fumiko Carey,18,584765,107,4313582,0.13100536696788845,0.29643663892971667
170,Arleen Jernigan,49,584765,315,4313582,0.13247101498265346,0.29939708018051014
1100,Fernande Currie,41,584765,261,4313582,0.13513000347669712,0.30504436134775165
1840,Evalyn Conrad,711,584765,5051,4313582,0.1356905474504909,0.305946814926877
1998,Melony Watts,31,584765,194,4313582,0.1384441640242033,0.3117860877373478
2230,Doretha Durbin,114,584765,770,4313582,0.14374486622018756,0.3233409934007292
1531,Trinity Bergman,19,584765,115,4313582,0.14392947507171464,0.32337401542086536
276,Antionette Larsen,109,584765,736,4313582,0.14770750777553607,0.3314709755859023
552,Oneida Vinson,77,584765,512,4313582,0.14831614513561953,0.33244478703543456
2034,Andres Voss,107,584765,723,4313582,0.1514375491090117,0.339041948181705
1036,Dong Duvall,31,584765,196,4313582,0.15192371071186245,0.33973069504662073
1196,Elvin Choi,801,584765,5719,4313582,0.1555121503869945,0.34734697439724244
2019,Chance Paxton,57,584765,375,4313582,0.15731027460255065,0.35095129257755436
1455,Ermelinda Quick,28,584765,177,4313582,0.16088869307726927,0.35851426572136236
1137,Ammie Randle,17,584765,104,4313582,0.16411841113714548,0.3652834343789331
2022,Nanette Dorsey,199,584765,1381,4313582,0.16684037301959695,0.3709079788040806
1263,Deandre Willoughby,257,584765,1797,4313582,0.16895702486013586,0.37517528390762955
652,Frederica Davenport,69,584765,461,4313582,0.1697981911612371,0.37660368039607717
263,Gwenda Armstrong,220,584765,1533,4313582,0.1717390353577808,0.38046494096141653
2218,Laila Champion,45,584765,295,4313582,0.17362621826018287,0.38419848063852097
504,Anibal Molina,17,584765,105,4313582,0.17440469827864005,0.3850256854109652
1651,Maren Youngblood,23,584765,145,4313582,0.17434522350430437,0.3850256854109652
1810,Chet Tilley,29,584765,186,4313582,0.17810108872607447,0.3925967434706851
1355,Colleen Lott,18,584765,112,4313582,0.17824676109231313,0.3925967434706851
1588,Ramiro Spence,35,584765,227,4313582,0.17856765629914167,0.3928488438581117
1767,Cyril Rosas,93,584765,632,4313582,0.18093475629547823,0.39759681435368943
78,Lyndia Ragsdale,177,584765,1230,4313582,0.1845494347816381,0.4041399014838404
238,Joette Rider,28,584765,180,4313582,0.18449243339720411,0.4041399014838404
1323,Reanna Ponder,28,584765,180,4313582,0.18449243339720411,0.4041399014838404
506,Annalisa Hobbs,287,584765,2020,4313582,0.1867713885223971,0.40853557742312835
1668,Santana Whitten,40,584765,263,4313582,0.18980441282403193,0.4146932234260996
1738,Elana House,27,584765,174,4313582,0.19118041176815975,0.4167426387111203
649,Twanna Roach,42,584765,277,4313582,0.19100607014522644,0.4167426387111203
698,Kristopher Rubio,20,584765,127,4313582,0.19477440337549717,0.4231685992495667
1796,Hwa Felton,54,584765,361,4313582,0.1947998417630959,0.4231685992495667
426,Candance Flowers,56,584765,375,4313582,0.1950177937687178,0.4231685992495667
1023,Marquetta Terry,20,584765,127,4313582,0.19477440337549717,0.4231685992495667
1259,Brittaney Fish,40,584765,264,4313582,0.19669243363281524,0.4263162883863866
316,Demetria Pagan,53,584765,355,4313582,0.20064898884061047,0.4343970714035059
827,Petrina Hutchins,19,584765,121,4313582,0.20231269775940455,0.43750120890471234
45,Gemma Aragon,20,584765,128,4313582,0.2049977834727299,0.442804519805454
1775,Meagan Baez,50,584765,335,4313582,0.20651600463521974,0.44557818233653423
1685,German Simon,17,584765,108,4313582,0.20716338690886174,0.44646877156009496
1754,Lidia Montanez,458,584765,3265,4313582,0.2076769265002596,0.4470692207352873
1389,Kimiko Burnette,168,584765,1174,4313582,0.21158936461802774,0.4549769049357139
1773,Herbert Roy,77,584765,526,4313582,0.21335400626774847,0.4582535823109767
545,Leonarda Huggins,98,584765,675,4313582,0.21424706206152583,0.4596529414916389
891,Maryln Hankins,51,584765,344,4313582,0.2193382539366865,0.4695170947598587
1225,Theodore Mccain,46,584765,309,4313582,0.21925854350140922,0.4695170947598587
2106,Leigh Salazar,119,584765,826,4313582,0.22064343211414575,0.4717802823744038
1079,Ranae Mckenna,40,584765,268,4313582,0.22551488841918754,0.48165525551258576
2155,Hellen Boucher,20,584765,130,4313582,0.2261872802722694,0.48254976945978545
1308,Reena Saucedo,27,584765,178,4313582,0.22660681478548672,0.48290343621140114
628,Edgar Croft,16,584765,103,4313582,0.22759351419876228,0.48446359901593355
555,Barbie Purvis,305,584765,2168,4313582,0.2322663356841672,0.49385791822007846
2181,Danyell Wu,69,584765,473,4313582,0.2326118895066714,0.4940406537178523
477,Randall Dubose,501,584765,3592,4313582,0.2380253682103984,0.5049746663371105
241,Sherry Rooney,21,584765,138,4313582,0.2388312091043452,0.5061200344382727
159,Pansy Lacey,74,584765,510,4313582,0.24138564484645122,0.5109642737962143
1847,Maryln Lin,18,584765,118,4313582,0.2447362548950467,0.5174812145169709
268,Dinah Randle,137,584765,961,4313582,0.24607949462980405,0.5197439270593974
2288,Maxwell Marshall,16,584765,105,4313582,0.2526678760948377,0.5330675922488649
599,Dwain Mcmillian,955,584765,6913,4313582,0.2586050598231353,0.5449894007125432
2105,Daren Madrid,23,584765,154,4313582,0.26267531882580575,0.552954791731757
1364,Carmelo Hatcher,81,584765,564,4313582,0.2645446726944706,0.5562745990470469
85,Melida Arellano,112,584765,786,4313582,0.2651757111479705,0.5569860687798983
1911,Garland Kessler,17,584765,113,4313582,0.2673926957791602,0.5610234840879182
1582,Apryl Drew,45,584765,309,4313582,0.269964307823114,0.5657952398539492
2033,Agustina Whaley,138,584765,974,4313582,0.2702669816594387,0.5658064533530384
2073,Mirta Poe,104,584765,731,4313582,0.27678549957912046,0.5788162699989738
1731,Kayleen Irving,16,584765,107,4313582,0.27874715311125414,0.5822786304837724
815,Lorinda Diggs,18,584765,121,4313582,0.2813175076152292,0.5870035274032689
2307,Kasandra Yates,35,584765,240,4313582,0.28275177019080666,0.5893500752169826
1570,Thu Hillman,1287,584765,9358,4313582,0.2830970836572289,0.5894242343541648
508,Trudy Hendrickson,62,584765,432,4313582,0.28601706029000207,0.5942035652094694
12,Sherrell Coffman,44,584765,304,4313582,0.2860094243118419,0.5942035652094694
2006,Tarah Whitaker,121,584765,856,4313582,0.28998225100014613,0.6017843224136075
645,Melissa Jernigan,194,584765,1384,4313582,0.29217798198806394,0.6056805007878928
2310,Gonzalo Jolly,33,584765,227,4313582,0.29267495567748913,0.605730940513286
1541,Cora Elliot,17,584765,115,4313582,0.29312787539900853,0.605730940513286
1486,Joanne Daniel,32,584765,220,4313582,0.29315722344337175,0.605730940513286
1957,Lilla Kaiser,22,584765,150,4313582,0.2954390572672648,0.6097836507370987
128,Eloise Mora,44,584765,306,4313582,0.30190027811355946,0.6224444520586172
1078,Mirta Smallwood,43,584765,299,4313582,0.30278329307955404,0.6235894012233673
2258,Timmy Burdick,30,584765,207,4313582,0.30378546483321744,0.6249770157595814
313,Kathlyn Jones,29,584765,200,4313582,0.30434160765244567,0.6254450101108036
1472,Stella Knight,22,584765,151,4313582,0.30694955703926213,0.6301240636954863
1126,Wendell Lim,35,584765,243,4313582,0.309677966633734,0.6350400544224093
1915,Paris English,106,584765,753,4313582,0.3153876420548504,0.6460524034772662
1627,Lowell Merchant,26,584765,180,4313582,0.3164408375473826,0.6475128105942679
22,Lissette Helm,25,584765,173,4313582,0.3170530088242434,0.6480686098738294
171,Rob Chambers,47,584765,330,4313582,0.32274370535399793,0.6589927803526374
2149,Idell Wray,22,584765,153,4313582,0.3303685115343885,0.6731169994110721
2029,Alla Richey,111,584765,792,4313582,0.33021000850555843,0.6731169994110721
1046,Lizette Wakefield,20,584765,139,4313582,0.3316771041503993,0.6750604590355186
2212,Glennie Houser,19,584765,132,4313582,0.33223362546785873,0.6754707150270675
1894,Sheba Macias,16,584765,111,4313582,0.33334725831607614,0.6770115609130127
425,Ernie Travis,80,584765,571,4313582,0.34797003220761713,0.7059562593721699
2010,Epifania Beaulieu,31,584765,219,4313582,0.3525810254817138,0.7145491922169344
73,Kayla Hensley,48,584765,341,4313582,0.3533951261996673,0.715437154423369
812,Libby Ramey,21,584765,148,4313582,0.3555186283822648,0.7189712537847501
200,Cassy Bautista,65,584765,464,4313582,0.3569049210096485,0.7210085612328674
858,Daniella Pickett,280,584765,2030,4313582,0.362794885558572,0.7321300818854322
1092,Arvilla Stanley,22,584765,156,4313582,0.3663149945098703,0.7384506721952152
1857,Quintin Hare,43,584765,307,4313582,0.36997433972316895,0.7450382735377677
1353,Harley Hoffman,16,584765,114,4313582,0.3758283247506612,0.7560267463007487
684,Candace Parsons,78,584765,562,4313582,0.38256618388828656,0.7687681604428821
889,Youlanda Herbert,135,584765,977,4313582,0.38366710561251327,0.770167196182081
642,Ernie Wilson,71,584765,512,4313582,0.38801810909006174,0.7780805707043071
999,Nannie Hutchinson,21,584765,151,4313582,0.3928652341738387,0.7869710954029632
1220,Charla Creech,22,584765,159,4313582,0.4029521972066762,0.8063281086059987
2098,Ok Barrow,16,584765,116,4313582,0.4045797610395214,0.8087345433384551
1331,Rema Hancock,21,584765,152,4313582,0.40543377546393167,0.809591264121576
2095,Margherita Isaac,19,584765,138,4313582,0.41061368597198555,0.8190753086003024
100,Israel Greene,23,584765,167,4313582,0.41256522799447287,0.8221064176685675
874,Keenan Eller,18,584765,131,4313582,0.41332429885908495,0.8227574693816303
2189,Madalene Lambert,41,584765,298,4313582,0.4182875286912493,0.8317671547538635
1679,Bess Woodson,25,584765,182,4313582,0.41895427819584574,0.8322233730758815
892,Eileen Childress,156,584765,1138,4313582,0.41952644549503315,0.8324909549291429
1817,Delia Hitchcock,21,584765,154,4313582,0.4306712503073596,0.8537160305571931
139,Misty Singer,24,584765,176,4313582,0.433566791491277,0.8579355499070878
2017,Faviola Grayson,35,584765,256,4313582,0.4337015233897102,0.8579355499070878
1223,Efren Sorensen,90,584765,658,4313582,0.4358665127487992,0.8613229218701608
420,Rochelle Ledbetter,33,584765,242,4313582,0.43933621710461035,0.8672788601141842
415,Herman Schaeffer,32,584765,235,4313582,0.442263394457916,0.8721525799517245
1710,Carolyn Dominguez,17,584765,126,4313582,0.44419752520957284,0.8750599280267257
771,Denese Ellsworth,51,584765,375,4313582,0.45293713078601894,0.8913540433151955
2199,Marianne Crow,18,584765,134,4313582,0.4542501563067116,0.8930145118302399
878,Loni Lucas,28,584765,207,4313582,0.4548203587742221,0.8932127376133587
578,Stacie Spann,54,584765,398,4313582,0.4611342319574974,0.9046788076444511
142,Adan Chavez,169,584765,1243,4313582,0.4631949203621173,0.9077857193090723
767,Georgia Dodd,21,584765,157,4313582,0.46858347515370224,0.9172238131348531
1199,Jennie France,36,584765,267,4313582,0.46965927972827304,0.9172238131348531
998,Toby Mason,293,584765,2157,4313582,0.46966195136904615,0.9172238131348531
152,Janetta Hargrove,74,584765,546,4313582,0.46993863258354274,0.9172238131348531
890,Tameika Hedrick,14,584765,106,4313582,0.47145354384971516,0.9182969231791279
1095,Kasie Curran,14,584765,106,4313582,0.47145354384971516,0.9182969231791279
1317,Tanika Yoder,50,584765,370,4313582,0.4719886459749927,0.9183991751435695
2158,Charlsie Bruner,22,584765,165,4313582,0.47697683696268156,0.9262111436122276
1835,Sarita Grover,130,584765,959,4313582,0.4768431672003809,0.9262111436122276
1808,Macie Mcmahan,21,584765,158,4313582,0.4811849448134929,0.9324795824644367
356,Jong Jean,21,584765,158,4313582,0.4811849448134929,0.9324795824644367
898,Norbert Pena,23,584765,173,4313582,0.4849788748256104,0.9388756854457138
717,Clementine Mccarthy,17,584765,129,4313582,0.48618588636856,0.9402558351213107
931,Lenore Church,16,584765,122,4313582,0.49116592087283817,0.9489225862142244
1934,Adam Shipman,32,584765,240,4313582,0.49347744798194815,0.9524214842897033
359,Barbie Compton,42,584765,314,4313582,0.49639062153792357,0.9570733057615689
595,Emery Lusk,230,584765,1702,4313582,0.5030489576080565,0.968929318145882
1774,Terrence Wheatley,261,584765,1931,4313582,0.5040325292682495,0.9698421670348623
565,Ruthanne Tyler,16,584765,123,4313582,0.5054473065080755,0.9715820447321896
1682,Kimiko Nixon,52,584765,389,4313582,0.5066486145254756,0.9729084898506357
977,Joane Dowdy,15,584765,116,4313582,0.5111349444779101,0.9805340719167972
130,Omer Jansen,17,584765,131,4313582,0.513902283409483,0.9828703973148203
505,Mindi Arroyo,27,584765,205,4313582,0.5137228619592691,0.9828703973148203
1167,Michell Medeiros,22,584765,168,4313582,0.5137209285123434,0.9828703973148203
1806,Laticia Walls,31,584765,235,4313582,0.5179149105734964,0.9895502759250638
1529,Miguel Driver,81,584765,605,4313582,0.5186931254360306,0.9900431471462049
1258,Lidia Tompkins,65,584765,487,4313582,0.521017828162041,0.9924894164087729
1526,Elaine Delaney,98,584765,731,4313582,0.5205002825170127,0.9924894164087729
58,Somer Crum,106,584765,791,4313582,0.525252731676046,0.9995559483795156
