,g,album_artist,x,k,m,N,p-val,adj_pval(BH)
2081,15,Vannessa Holman,3194,203063,16086,4313582,0.0,0.0
1859,15,Mandy Yang,3503,203063,5506,4313582,0.0,0.0
1226,15,Crysta Greene,1135,203063,6140,4313582,0.0,0.0
599,15,Dwain Mcmillian,1782,203063,6913,4313582,0.0,0.0
76,15,Kenneth Collins,206,203063,206,4313582,0.0,0.0
842,15,Doreen Dotson,844,203063,1065,4313582,0.0,0.0
583,15,Ima Mejia,654,203063,704,4313582,0.0,0.0
202,15,Chere Swenson,1124,203063,2967,4313582,0.0,0.0
330,15,Elma Costello,236,203063,236,4313582,0.0,0.0
341,15,Malcolm Crook,60156,203063,636055,4313582,0.0,0.0
1815,15,Larissa Boggs,165,203063,165,4313582,0.0,0.0
2134,15,Irving Langston,3798,203063,35497,4313582,0.0,0.0
510,15,Pierre Dwyer,701,203063,1388,4313582,0.0,0.0
970,15,Mack Richter,585,203063,1690,4313582,0.0,0.0
663,15,Slyvia Dupre,1401,203063,2887,4313582,0.0,0.0
1352,15,Jennifer Rainey,847,203063,1432,4313582,0.0,0.0
2103,15,Susy Pate,371,203063,507,4313582,0.0,0.0
1368,15,Tessie Hankins,1028,203063,4954,4313582,0.0,0.0
193,15,Kylie Carrasco,1052,203063,2560,4313582,0.0,0.0
2087,15,Cyrus Ramey,10981,203063,128650,4313582,0.0,0.0
533,15,Santiago Cisneros,934,203063,4504,4313582,1.1229e-319,4.657414e-318
1354,15,Josephina Gentry,618,203063,2370,4313582,8.71814756749829e-270,3.451593877859551e-268
1926,15,Ron Overton,351,203063,693,4313582,4.4297913784115837e-268,1.677542735041952e-266
1200,15,Melania Yancey,782,203063,3905,4313582,1.4367619345357586e-257,5.2142485207526906e-256
640,15,Linnea Peters,581,203063,2247,4313582,1.0122030650722372e-251,3.5265154787116743e-250
2299,15,Delia Shockley,2040,203063,19187,4313582,3.64550475984943e-248,1.2212440945495592e-246
1350,15,Hong Reid,300,203063,544,4313582,2.0229025821987628e-244,6.52573388553749e-243
509,15,Aide Battle,178,203063,180,4313582,4.284406643952624e-236,1.3327564953152627e-234
1865,15,Bertha Shipman,579,203063,2512,4313582,2.3506476252385867e-223,7.060048557182101e-222
592,15,Deloris Winters,166,203063,172,4313582,1.9821373504918947e-213,5.754805440928134e-212
1146,15,Lurlene Priest,913,203063,6184,4313582,2.508944326831419e-201,7.049324221516663e-200
1396,15,Carin Bassett,540,203063,2429,4313582,1.1540388630740716e-200,3.1411495304297386e-199
1403,15,Myrna Smallwood,400,203063,1437,4313582,7.785118864643936e-187,2.054799554880263e-185
381,15,Tanesha Paige,635,203063,3514,4313582,2.604709682506588e-185,6.672653333715407e-184
1532,15,Clyde Stevenson,384,203063,1335,4313582,5.3767328891015566e-185,1.3380383846878444e-183
1028,15,Charmain Chan,817,203063,5494,4313582,2.3831768740789594e-182,5.765964048118816e-181
1864,15,Jodi Lawler,133,203063,134,4313582,1.3679241261986537e-178,3.2201673349162903e-177
1643,15,Catina Fuentes,211,203063,424,4313582,2.499664657743482e-160,5.729494518143613e-159
830,15,Shameka Sample,239,203063,604,4313582,4.04102507038309e-152,9.024955990522234e-151
1779,15,Eloy Geiger,113,203063,114,4313582,4.844431007344966e-152,1.0548748518493662e-150
1382,15,Rashida Roth,126,203063,143,4313582,7.630987404494298e-149,1.6211195193450083e-147
259,15,Renate Duckworth,265,203063,780,4313582,1.1032218725566377e-148,2.287872026182932e-147
2294,15,Dominga Seaman,226,203063,552,4313582,6.49612085707049e-148,1.3158421550019527e-146
1705,15,Chun Daniels,392,203063,1776,4313582,2.7305974381168406e-145,5.405341746817655e-144
1867,15,Dirk Grady,631,203063,4193,4313582,6.976963387151564e-144,1.3504300244908917e-142
1978,15,Rolande Roland,256,203063,756,4313582,2.455909141738353e-143,4.650210570552403e-142
328,15,Reynalda Holman,745,203063,5542,4313582,2.5449822764439004e-142,4.716339495282207e-141
763,15,Ashton Hardin,3595,203063,49527,4313582,3.0360317058472777e-139,5.509132532902039e-138
1858,15,Willa Dodge,333,203063,1356,4313582,2.84544960137692e-138,5.057931842447546e-137
1905,15,Frederica Burrell,596,203063,4068,4313582,9.248987318218008e-131,1.6111735908335768e-129
213,15,Lakeesha Fletcher,444,203063,2486,4313582,1.8512698163225338e-128,3.1616784510135823e-127
562,15,Pansy Sloan,427,203063,2421,4313582,1.0578050709998322e-121,1.771823493924719e-120
558,15,Lael Terry,287,203063,1173,4313582,4.0803082910870433e-119,6.70556324818267e-118
201,15,Vivan Jansen,172,203063,405,4313582,1.529512430473042e-116,2.4670469017444804e-115
357,15,Kyla Edwards,425,203063,2502,4313582,1.9817662366678248e-115,3.1383970766139557e-114
230,15,Sasha Dwyer,312,203063,1510,4313582,4.1384955013896626e-108,6.436838538768565e-107
786,15,Lettie Velasquez,409,203063,2501,4313582,1.0008351887431942e-105,1.5293464024479336e-104
591,15,Mahalia Andrade,2227,203063,29818,4313582,1.992030195883635e-97,2.9914798286459417e-96
1605,15,Charisse Schmidt,1927,203063,24974,4313582,1.1377048256933594e-95,1.6795608528456202e-94
1273,15,Barrett Huber,332,203063,1901,4313582,5.032098940011794e-94,7.304930294583789e-93
1556,15,Ethan Lilly,223,203063,908,4313582,1.624311889337534e-93,2.3193043534639215e-92
921,15,Arden Dorman,156,203063,438,4313582,3.0555144974375785e-92,4.292505043980856e-91
3,15,Donnette Sewell,744,203063,7010,4313582,1.8927305768686422e-91,2.616775130877123e-90
1002,15,Joseph Staples,222,203063,931,4313582,2.1217284321442074e-90,2.8875397881212573e-89
639,15,Danna Kenny,753,203063,7206,4313582,1.825062044169634e-89,2.4455831391873098e-88
1736,15,Somer Dillard,179,203063,613,4313582,5.992617503195022e-89,7.908439159519491e-88
678,15,Kiera Flood,1808,203063,23624,4313582,3.3762949565166134e-87,4.389183443471597e-86
454,15,Flor Mcdowell,279,203063,1484,4313582,5.945959003126459e-87,7.616073958416392e-86
2102,15,Jeremiah Wyatt,341,203063,2141,4313582,1.8633287280655288e-85,2.3521149596305444e-84
920,15,Angelita Roe,583,203063,5129,4313582,5.438387748799885e-83,6.766908184578142e-82
1780,15,Christine Kinsey,114,203063,253,4313582,8.00531539326743e-82,9.820605221881593e-81
1262,15,Francoise Hoskins,99,203063,187,4313582,2.1364370561722485e-80,2.584495383230595e-79
154,15,Winfred Pollock,158,203063,549,4313582,8.032641878677496e-78,9.58415215935356e-77
324,15,Rolf Diggs,817,203063,8716,4313582,6.18187209521728e-75,7.276230533694933e-74
67,15,Dora Mcnally,245,203063,1378,4313582,1.2166686962446426e-71,1.4129579125721116e-70
1600,15,Twyla Diamond,428,203063,3474,4313582,1.8950049670802634e-71,2.1717754293775125e-70
1505,15,Thaddeus Putnam,146,203063,513,4313582,2.120502899015886e-71,2.3986467857699178e-70
1842,15,Doreatha Goss,102,203063,247,4313582,7.664079379044029e-69,8.558221973265834e-68
1598,15,Trinh Meredith,146,203063,536,4313582,1.3520097670922971e-68,1.4906335533384694e-67
1941,15,Lang Diaz,153,203063,594,4313582,4.441264933791298e-68,4.835427196665275e-67
1223,15,Efren Sorensen,159,203063,658,4313582,2.2063817821973382e-66,2.372541397893681e-65
1423,15,Marlene Compton,503,203063,4613,4313582,3.4152170336113983e-66,3.6276268735067414e-65
250,15,Alfredia Graves,251,203063,1547,4313582,3.5727474277727887e-65,3.7492325416748185e-64
1221,15,Otis Scales,283,203063,1902,4313582,7.731568412607923e-65,8.016900104025596e-64
1005,15,Earlene Sheehan,104,203063,284,4313582,7.415454031977307e-64,7.598659366884982e-63
1916,15,Ahmed Blanchard,286,203063,2002,4313582,1.1164677110274678e-61,1.1307481119824703e-60
854,15,Erlene Castillo,278,203063,1918,4313582,2.4634145825603615e-61,2.4662460935747986e-60
144,15,Taylor Blue,132,203063,498,4313582,1.0099744999894924e-60,9.99645215330509e-60
467,15,Antony Baron,225,203063,1371,4313582,1.4082591271692755e-59,1.3781951682746506e-58
872,15,Alexander Ly,472,203063,4430,4313582,2.4400686930724867e-59,2.3614442574068175e-58
1041,15,Willene Mathews,244,203063,1580,4313582,2.741091368824562e-59,2.6236160244463667e-58
1305,15,Piper Adcock,354,203063,2920,4313582,7.869095620425187e-58,7.449980744989497e-57
821,15,Chantell Fleming,174,203063,894,4313582,1.8294794665905276e-57,1.713415715484247e-56
1609,15,Wanda Montes,162,203063,785,4313582,2.543692370505958e-57,2.3569745262879676e-56
1750,15,Carrol Frazier,129,203063,531,4313582,1.203960012884868e-54,1.103841232866021e-53
133,15,Toya Compton,114,203063,423,4313582,1.256933080777971e-53,1.1404049097475132e-52
1156,15,Tammera Starr,117,203063,446,4313582,1.3174951864593154e-53,1.1830291828928492e-52
500,15,Cecily Brantley,737,203063,8618,4313582,9.33004528927737e-53,8.292315762204682e-52
243,15,Syreeta Seals,152,203063,765,4313582,1.0202393303727775e-51,8.976045017724133e-51
909,15,Dolly Bragg,1396,203063,19572,4313582,4.101213577809094e-51,3.5721570262717207e-50
1289,15,Nikia Medrano,191,203063,1163,4313582,5.353072874870369e-51,4.616362845556526e-50
1263,15,Deandre Willoughby,246,203063,1797,4313582,5.014387564860569e-50,4.2818936950917214e-49
1527,15,Camila Kay,264,203063,2035,4313582,4.360921797157989e-49,3.687730956625833e-48
1677,15,Aretha Payton,159,203063,875,4313582,1.1933977709065312e-48,9.994706331342199e-48
715,15,Jannette Gross,125,203063,569,4313582,6.697969893723387e-48,5.55612550231721e-47
2200,15,Yee Hahn,653,203063,7613,4313582,2.1137336559091257e-47,1.7368509568838194e-46
477,15,Randall Dubose,378,203063,3592,4313582,9.635394156408862e-47,7.843390944142166e-46
145,15,Foster Rockwell,146,203063,779,4313582,1.4992559769104867e-46,1.209122181378735e-45
2213,15,Noella Dent,137,203063,696,4313582,2.254381684877532e-46,1.8014371078241563e-45
396,15,Kenyatta Hoff,473,203063,4994,4313582,1.7842736251099252e-45,1.4128202977006773e-44
1712,15,Lynne Dudley,93,203063,336,4313582,2.535314218354323e-45,1.98942223800596e-44
2319,15,Carmon Burton,159,203063,942,4313582,2.1022255295061148e-44,1.6348557466069875e-43
1785,15,Genia Mosher,797,203063,10148,4313582,2.3676151064696287e-43,1.8249493431283597e-42
573,15,Ileana Newcomb,223,203063,1693,4313582,7.080536747976755e-43,5.4097785153401346e-42
633,15,Mariah Solomon,216,203063,1619,4313582,1.8258892711804372e-42,1.382912656694053e-41
288,15,Tu Akers,190,203063,1367,4313582,4.2312612621536475e-40,3.1770935856343334e-39
807,15,Sanora Zamora,110,203063,536,4313582,1.6830056494380056e-39,1.2529042056927376e-38
1173,15,Zora Wiggins,102,203063,470,4313582,4.645058182280658e-39,3.4286827769207233e-38
1616,15,Eddy Raymond,96,203063,423,4313582,1.216216225000131e-38,8.901885142648016e-38
1469,15,Tiffaney Chavis,104,203063,507,4313582,1.832013998245454e-37,1.3297368270598256e-36
2286,15,Lindsay Bentley,621,203063,7708,4313582,2.861847138942147e-37,2.0600569074533967e-36
732,15,Titus Whatley,54,203063,136,4313582,1.0797915926178769e-36,7.709003911230908e-36
2300,15,Chanda Hearn,137,203063,850,4313582,2.274497575500159e-36,1.6106401530574295e-35
1134,15,Kathrin Nicholas,284,203063,2730,4313582,7.996462122102159e-35,5.616869764799177e-34
884,15,Kristin Vernon,756,203063,10096,4313582,1.018714582195038e-34,7.098403208735026e-34
437,15,Randolph Walton,143,203063,946,4313582,1.0292747029011434e-34,7.115065604975364e-34
475,15,Earleen Tompkins,129,203063,806,4313582,4.527453487361784e-34,3.1050488090489086e-33
269,15,Madge Charles,221,203063,1948,4313582,9.013927202043302e-33,6.133695775765403e-32
1446,15,Angella Rosenthal,282,203063,2795,4313582,2.2316812977640242e-32,1.506817372366252e-31
1707,15,Karol Elam,91,203063,453,4313582,2.373986742438187e-32,1.5905711174335855e-31
2059,15,Marilu Tucker,1168,203063,17491,4313582,1.1228338608516668e-31,7.465559487036655e-31
1914,15,Willard Tabor,76,203063,342,4313582,1.8218167342970466e-30,1.202123011797521e-29
485,15,Willette Cheney,53,203063,169,4313582,5.865232761498488e-30,3.841065966364799e-29
547,15,Aldo Fagan,274,203063,2785,4313582,8.59241275796966e-30,5.585068292680279e-29
2043,15,Kandy Ritchie,143,203063,1058,4313582,1.7506668880594527e-29,1.1211991613968996e-28
228,15,Suzanne Larson,61,203063,230,4313582,1.7485492755590468e-29,1.1211991613968996e-28
1629,15,Rivka Tipton,108,203063,668,4313582,2.7228371901772687e-29,1.7310884617842343e-28
118,15,Cherlyn Garland,227,203063,2147,4313582,3.0390136438768134e-29,1.9181020897222495e-28
1115,15,Miriam Baca,59,203063,222,4313582,1.1820908823038766e-28,7.407202579040838e-28
2128,15,Woodrow Mcelroy,262,203063,2684,4313582,4.476388854364584e-28,2.784953351536823e-27
727,15,Willetta Haines,266,203063,2755,4313582,9.289046374762585e-28,5.738127228665398e-27
190,15,Kaila Parrott,397,203063,4767,4313582,3.258244562526062e-27,1.9985429675776056e-26
1613,15,Donette Nixon,204,203063,1929,4313582,1.624836776503783e-26,9.896733093250315e-26
2090,15,Margarite Walls,49,203063,170,4313582,5.376541047626513e-26,3.25206059200187e-25
23,15,Korey Battle,231,203063,2338,4313582,1.0638058045180925e-25,6.390171418863852e-25
1820,15,Maggie Kennedy,85,203063,500,4313582,4.5304065344495685e-25,2.6843429193915473e-24
449,15,Madie Rowe,72,203063,372,4313582,4.519802280450456e-25,2.6843429193915473e-24
1488,15,Shay Novak,112,203063,797,4313582,5.501901594136196e-25,3.2379434381706936e-24
1202,15,Monet Reagan,105,203063,721,4313582,8.487016679426706e-25,4.961202367638027e-24
1652,15,Kemberly Ennis,545,203063,7371,4313582,2.0767846063170856e-24,1.2059195947347876e-23
790,15,Taylor Moreno,172,203063,1581,4313582,5.2583457098581915e-24,3.033125240587076e-23
1073,15,Marianela Browning,89,203063,572,4313582,2.316347213782236e-23,1.327327910002847e-22
125,15,Cleora Conrad,59,203063,278,4313582,4.165980760783862e-23,2.3716138840802247e-22
425,15,Ernie Travis,88,203063,571,4313582,7.774574087459668e-23,4.397177941673617e-22
327,15,Chasidy Livingston,74,203063,429,4313582,1.6138861338034522e-22,9.068998855114883e-22
1279,15,Roger Main,43,203063,154,4313582,1.6515743215686227e-22,9.221289962091477e-22
1128,15,Nelda Mcrae,96,203063,678,4313582,5.624498526645607e-22,3.120342813190015e-21
1625,15,Dannie Askew,70,203063,398,4313582,6.332723896659472e-22,3.491014249361012e-21
340,15,Yung Bean,568,203063,7972,4313582,6.917703367841486e-22,3.7895092033898956e-21
551,15,Kazuko Wilson,160,203063,1512,4313582,2.7392621497101584e-21,1.4911858327484673e-20
27,15,Zana Albright,55,203063,265,4313582,3.255504871191113e-21,1.7612079147872422e-20
379,15,Paul Goetz,51,203063,230,4313582,3.3301009355230394e-21,1.790443157308992e-20
2077,15,Vanda Augustine,442,203063,5907,4313582,4.3739543964432135e-21,2.3372480241116803e-20
733,15,Vernita Mosher,52,203063,243,4313582,8.011669868260618e-21,4.254978326374999e-20
694,15,Jade Bourgeois,67,203063,392,4313582,2.200634837650026e-20,1.1616684506625288e-19
1291,15,Jessi Sorenson,298,203063,3656,4313582,1.206578560548448e-19,6.330903170106616e-19
1168,15,Tyisha Ross,194,203063,2076,4313582,2.6878113270026744e-19,1.4018465064786403e-18
922,15,Alleen Bundy,157,203063,1561,4313582,7.517795826486565e-19,3.8976191457558326e-18
2316,15,Yajaira Patton,150,203063,1469,4313582,1.0972626354575896e-18,5.655122813512192e-18
2130,15,Sina Donaldson,1210,203063,20065,4313582,6.965492983207133e-18,3.568790816690243e-17
757,15,Wanetta Kilgore,94,203063,752,4313582,7.30072517498823e-18,3.718673466324415e-17
1811,15,Evangelina Messer,90,203063,703,4313582,7.448969531169188e-18,3.772123524214165e-17
1918,15,Mona Womack,89,203063,700,4313582,1.7207428116651418e-17,8.663392999770743e-17
1804,15,Bella Bryant,87,203063,685,4313582,4.062379111143424e-17,2.0335242562103003e-16
1098,15,Laurette Delgado,45,203063,235,4313582,2.3095095629361386e-16,1.1494759024670724e-15
2167,15,Aisha Baron,44,203063,227,4313582,2.9415785145404077e-16,1.4557470944117586e-15
2264,15,Eula Acosta,44,203063,229,4313582,4.152890352311021e-16,2.0435974558547454e-15
657,15,Jackson Koenig,159,203063,1720,4313582,8.849357691478615e-16,4.3302194097066704e-15
742,15,Federico Huber,31,203063,128,4313582,5.68571652105005e-15,2.7666251898517282e-14
295,15,Tonia Kelly,46,203063,267,4313582,7.699601780180492e-15,3.725751750298449e-14
481,15,Keely Lara,28,203063,106,4313582,8.075991544907681e-15,3.8862920638754643e-14
278,15,Eleni Yarbrough,54,203063,352,4313582,8.601257592383726e-15,4.116316133497926e-14
112,15,Coralee Mcrae,132,203063,1371,4313582,9.813649017164776e-15,4.670867920191541e-14
2222,15,Madlyn Lewis,88,203063,774,4313582,2.1262741263346977e-14,1.0065134587160443e-13
1071,15,Loni Angel,33,203063,153,4313582,3.527039539179057e-14,1.6605683452026803e-13
1295,15,Antionette Chappell,74,203063,602,4313582,3.8587892948005664e-14,1.806992191274889e-13
2251,15,Kiyoko Mckinnon,120,203063,1229,4313582,5.3749474163691937e-14,2.503518288586935e-13
1589,15,Annetta Hightower,145,203063,1600,4313582,6.742892904538739e-14,3.12396793609215e-13
1333,15,Felipa Wheeler,150,203063,1680,4313582,8.484263303017588e-14,3.909943564512338e-13
226,15,Kirstin Ashton,60,203063,442,4313582,9.875246829054523e-14,4.5270210463718363e-13
850,15,Estell Wu,49,203063,318,4313582,1.0625893722173801e-13,4.845630069116953e-13
612,15,Lazaro Dove,57,203063,416,4313582,2.5213207117432783e-13,1.1437866353793726e-12
1622,15,Frieda Glenn,110,203063,1116,4313582,2.937662673630274e-13,1.3257534656642325e-12
773,15,Corrin Good,93,203063,879,4313582,3.0477745709911573e-13,1.3683565213058238e-12
2089,15,Clint Christiansen,43,203063,265,4313582,4.4524859381501556e-13,1.988777052373736e-12
1400,15,My Hearn,72,203063,612,4313582,7.165942222567985e-13,3.1844569774779155e-12
1061,15,Ocie Zapata,122,203063,1311,4313582,9.126542170998962e-13,4.035136157837612e-12
110,15,Phyliss Howard,30,203063,143,4313582,9.283199623366373e-13,4.083670137349551e-12
740,15,Asley Mcgee,27,203063,118,4313582,1.094414863318441e-12,4.790127366584734e-12
2298,15,Trevor Lee,41,203063,253,4313582,1.4938118434526923e-12,6.505550578236475e-12
1435,15,Julio Swartz,25,203063,105,4313582,2.4083259474117484e-12,1.0436079105450909e-11
42,15,Georgianna Echols,188,203063,2368,4313582,3.8142609027466016e-12,1.644663983313015e-11
342,15,Shelia Trent,34,203063,192,4313582,6.764664023325895e-12,2.9024740710920464e-11
1979,15,My Hunter,29,203063,145,4313582,7.549194802152306e-12,3.2232101336640485e-11
376,15,January Maloney,113,203063,1220,4313582,7.628038591892857e-12,3.2409861529456963e-11
1017,15,Juana Mccarty,35,203063,205,4313582,1.0569400178151607e-11,4.468906580179636e-11
71,15,Dalila Amos,56,203063,447,4313582,1.5606120057750268e-11,6.566633125749026e-11
166,15,Bree Daley,28,203063,141,4313582,1.945377685221832e-11,8.146269056866422e-11
496,15,Vernice Dove,87,203063,862,4313582,1.969962567296883e-11,8.209748306773135e-11
411,15,Geoffrey Trotter,25,203063,116,4313582,2.740671795385349e-11,1.1367262541812566e-10
78,15,Lyndia Ragsdale,111,203063,1230,4313582,5.425018568286562e-11,2.2394270961979124e-10
1265,15,Fernande Crosby,53,203063,427,4313582,7.126452126190233e-11,2.9278961329772136e-10
2141,15,Eleonore Daugherty,190,203063,2499,4313582,1.0488143767261112e-10,4.2888137189128775e-10
1816,15,Phuong Vogel,32,203063,191,4313582,1.1616395342414701e-10,4.727981468805235e-10
463,15,Lawerence Gaskins,42,203063,303,4313582,1.5629722639550776e-10,6.331855078627314e-10
2301,15,Robby Esparza,54,203063,452,4313582,2.0628331143049864e-10,8.318183530368718e-10
2024,15,Rolanda Gallo,23,203063,109,4313582,2.3048821934374114e-10,9.251393504534495e-10
1542,15,Lala Regan,80,203063,807,4313582,2.666843055550595e-10,1.0655138997176917e-09
538,15,Cheryle Hinds,115,203063,1331,4313582,3.444063374097913e-10,1.369762191250814e-09
954,15,Shin Hayden,149,203063,1877,4313582,5.140448089908718e-10,2.035150130141134e-09
275,15,Hattie Bowman,59,203063,529,4313582,5.316517889970486e-10,2.095333521341309e-09
2073,15,Mirta Poe,73,203063,731,4313582,1.042629819802575e-09,4.090678256973166e-09
1774,15,Terrence Wheatley,151,203063,1931,4313582,1.0994784952538719e-09,4.2943756473817145e-09
97,15,Cecilia Smiley,94,203063,1045,4313582,1.5615941879413144e-09,6.0720916861468076e-09
286,15,Darrel Aguirre,196,203063,2690,4313582,1.6193549404943036e-09,6.2687029029801714e-09
2002,15,Eliseo Brunner,28,203063,170,4313582,2.027444409738239e-09,7.813734871159318e-09
1389,15,Kimiko Burnette,102,203063,1174,4313582,2.231702847352926e-09,8.563053656583253e-09
1481,15,Shanell Peachey,90,203063,1015,4313582,6.546172433464547e-09,2.5007527147138685e-08
1252,15,Nancy Clay,27,203063,169,4313582,7.422071343323468e-09,2.822979973814297e-08
120,15,Warner Tabor,50,203063,446,4313582,7.497585173178454e-09,2.8393029068862757e-08
1769,15,Cecille Dow,65,203063,656,4313582,1.0034183606007387e-08,3.783451913780275e-08
1637,15,Alexander Fulton,63,203063,628,4313582,1.0185992664793822e-08,3.824137763377336e-08
720,15,Tosha Whalen,22,203063,121,4313582,1.0952152109384427e-08,4.094130681233406e-08
1961,15,Yvonne Pelletier,104,203063,1250,4313582,1.507198934996348e-08,5.610129369153074e-08
1630,15,Shauna Leslie,95,203063,1133,4313582,3.989042022399488e-08,1.478491745323385e-07
654,15,Catrina Overstreet,35,203063,277,4313582,4.6215614128884405e-08,1.7056694875533185e-07
44,15,Veronique Hammonds,19,203063,101,4313582,4.729764678312732e-08,1.7382384113124007e-07
723,15,Pia Lockett,26,203063,174,4313582,5.604391123737772e-08,2.0510187683931087e-07
497,15,Daniele Tyson,47,203063,437,4313582,6.992798185249336e-08,2.548421430691285e-07
451,15,Heather Rodriguez,75,203063,839,4313582,7.049075182746563e-08,2.558226868405107e-07
557,15,Maile Harris,32,203063,249,4313582,1.0260300827340539e-07,3.7081834110429914e-07
58,15,Somer Crum,71,203063,791,4313582,1.2619726057355506e-07,4.542058428081259e-07
314,15,Jeri Poirier,52,203063,517,4313582,1.4487766335514056e-07,5.192940114499071e-07
1438,15,Aurelia Boyle,42,203063,384,4313582,1.8967863578120572e-07,6.770905400222549e-07
701,15,Tayna Ames,200,203063,2947,4313582,2.042839590747109e-07,7.262503198125437e-07
1799,15,Nydia Pyle,46,203063,444,4313582,2.808506862636785e-07,9.943940964864389e-07
1429,15,Nidia Lackey,40,203063,366,4313582,3.550985399920522e-07,1.2521895883930262e-06
55,15,Eleni Roper,36,203063,315,4313582,4.026757719887375e-07,1.4142362798475417e-06
1761,15,Kristel Lozano,29,203063,228,4313582,4.4266536785629616e-07,1.5484399012162006e-06
1064,15,Junior Miner,26,203063,198,4313582,8.00321885620867e-07,2.7883214495031006e-06
91,15,Breana Crowell,81,203063,988,4313582,8.231865901236209e-07,2.8565558565644376e-06
1762,15,Treena Kern,111,203063,1475,4313582,8.394575066780633e-07,2.901458286970608e-06
300,15,Letisha Darling,32,203063,274,4313582,9.402237022080777e-07,3.2368966190641725e-06
1660,15,Lesa Rider,53,203063,568,4313582,1.176398955089013e-06,4.034029487726497e-06
2260,15,Santina Cates,22,203063,156,4313582,1.2985932317374392e-06,4.4355870778169006e-06
875,15,Gilberto Dunlap,27,203063,218,4313582,1.7024241460238538e-06,5.7922321530733465e-06
1161,15,Cathrine Cameron,68,203063,806,4313582,2.0036904815060197e-06,6.790717546271374e-06
1510,15,Karyn Parr,39,203063,381,4313582,2.503901058563366e-06,8.453092333367022e-06
117,15,Cythia Riddick,54,203063,599,4313582,2.7038250673782653e-06,9.092786230449688e-06
803,15,Hobert Copeland,39,203063,383,4313582,2.846860057598707e-06,9.536981192955669e-06
2209,15,Shera Lacey,81,203063,1024,4313582,3.2359258968410738e-06,1.0798817839649714e-05
1999,15,Mariah Caudill,74,203063,913,4313582,3.360485143582352e-06,1.1171689160535224e-05
180,15,Dimple Mcwilliams,18,203063,121,4313582,4.078259019553071e-06,1.3506325498215684e-05
1243,15,Ernest Atwood,29,203063,254,4313582,4.235899751178883e-06,1.39752601639273e-05
1984,15,Adeline Hoffman,78,203063,984,4313582,4.384329728739475e-06,1.4410381863139936e-05
2201,15,Shandi Childress,54,203063,609,4313582,4.404353224232128e-06,1.4421773151527006e-05
1466,15,Josefa Holder,232,203063,3679,4313582,5.168729549310276e-06,1.6861286282581463e-05
1935,15,Martine Short,20,203063,146,4313582,5.465630321541575e-06,1.7763298545010117e-05
1495,15,Nga Hickman,64,203063,768,4313582,5.5828547887684286e-06,1.80768272156777e-05
2203,15,Desmond Stacy,26,203063,221,4313582,6.647897926476736e-06,2.144562627393051e-05
1848,15,Olevia Jaramillo,60,203063,711,4313582,6.98611235788441e-06,2.2453519792314835e-05
1114,15,Paz Dorsey,64,203063,776,4313582,7.760633948337798e-06,2.485114768015523e-05
2253,15,Estell Braun,30,203063,277,4313582,8.943018015677634e-06,2.853248605001912e-05
2208,15,David Hoyt,93,203063,1259,4313582,1.1425754187316622e-05,3.6320554369170725e-05
1251,15,Zula Daly,50,203063,571,4313582,1.2838950513121169e-05,4.066445780701286e-05
1986,15,Clara Chung,33,203063,324,4313582,1.3595534293029356e-05,4.290474771459626e-05
285,15,Wiley Lockwood,39,203063,412,4313582,1.6102501291993863e-05,5.063277482067385e-05
173,15,Patrica Siegel,63,203063,781,4313582,1.7749648766989514e-05,5.561130962607146e-05
1752,15,Stanton Dooley,74,203063,959,4313582,1.8144646666510106e-05,5.6645115578961655e-05
1479,15,Gwendolyn Macias,20,203063,160,4313582,2.280994419921862e-05,7.095521927685506e-05
302,15,Tawna Ransom,48,203063,553,4313582,2.2932706598541685e-05,7.108322934992814e-05
1604,15,Tarsha Dooley,26,203063,237,4313582,2.3755189109479024e-05,7.337152380977388e-05
1324,15,Derek Chase,29,203063,279,4313582,2.6594674620355703e-05,8.185145439692514e-05
1775,15,Meagan Baez,33,203063,335,4313582,2.7127269439575377e-05,8.319666085165547e-05
958,15,Suanne Wang,76,203063,1007,4313582,3.0207504676334872e-05,9.23183739406585e-05
2151,15,Celina Goss,19,203063,153,4313582,3.741411798426268e-05,0.00011394299567934542
1448,15,Deshawn Creech,57,203063,705,4313582,3.78417659885125e-05,0.000114843826397193
107,15,Sage Vaughan,84,203063,1148,4313582,3.835527765731656e-05,0.00011599807930389834
1763,15,Shelton Carpenter,32,203063,327,4313582,3.9431107870233764e-05,0.00011883908288918204
214,15,Noel Batts,27,203063,258,4313582,4.09563320604582e-05,0.00012301022491261753
1489,15,Cristine Head,32,203063,328,4313582,4.18774226398402e-05,0.00012534445058178973
1612,15,Emeline Root,15,203063,107,4313582,4.226450190260904e-05,0.0001260697984834674
1928,15,Zulema Montano,20,203063,167,4313582,4.3414898004735095e-05,0.00012905930430759136
2254,15,Marcellus Renteria,26,203063,247,4313582,4.905253155173526e-05,0.000144829677903598
2029,15,Alla Richey,62,203063,792,4313582,4.8947829724194466e-05,0.000144829677903598
99,15,Lucius Sousa,46,203063,540,4313582,5.121166223395857e-05,0.00015069377637087132
1792,15,Kelvin Swanson,93,203063,1316,4313582,5.9158527727452996e-05,0.00017349184394145308
1220,15,Charla Creech,19,203063,159,4313582,6.489568753578663e-05,0.00018967833504587297
1362,15,Casimira Jacobs,63,203063,817,4313582,6.683639939306306e-05,0.0001946973373624011
469,15,Felix Hinojosa,30,203063,309,4313582,7.382815057833852e-05,0.0002143477305124428
797,15,Marti Longoria,16,203063,126,4313582,9.317402607709048e-05,0.00026961653393071694
2093,15,Holly Fowler,109,203063,1612,4313582,9.395405693438734e-05,0.00027097345559553437
1844,15,Terra Esposito,56,203063,714,4313582,9.784583156140073e-05,0.00028126640029696383
1439,15,Rosita Cheney,15,203063,115,4313582,0.00010234296385134027,0.000293226057613544
255,15,Velda Hopper,23,203063,217,4313582,0.00010379944440844838,0.0002964239871467493
505,15,Mindi Arroyo,22,203063,205,4313582,0.00011518660553153258,0.00032786775626785907
911,15,Madelene Okeefe,37,203063,421,4313582,0.00012041187682248599,0.0003416245756103756
1323,15,Reanna Ponder,20,203063,180,4313582,0.0001288277000380116,0.0003643146971854159
2246,15,Sherrill Woody,18,203063,155,4313582,0.00013773886212530123,0.0003882542035959138
258,15,Jeanne Rowell,15,203063,118,4313582,0.00013927200529496078,0.0003913094084255188
222,15,Jay Grier,25,203063,249,4313582,0.00014163609049270792,0.0003966721376821498
369,15,Lanelle Mcdonald,397,203063,7038,4313582,0.00014324727047374943,0.0003998986300725505
606,15,Riva Crowley,53,203063,678,4313582,0.0001546320317809624,0.00043030191591443524
1480,15,Alonzo Moseley,17,203063,144,4313582,0.00015901561648413296,0.00044109108903719684
1618,15,Mabelle Leary,163,203063,2612,4313582,0.0001672647651104027,0.0004625003505116214
1402,15,Leida Lanier,15,203063,120,4313582,0.00016990867136263785,0.0004683242175849923
1140,15,Fumiko Landrum,55,203063,714,4313582,0.00017541815551887712,0.0004819849004950851
1366,15,Marylou Branch,28,203063,299,4313582,0.0002196847920695976,0.0006017152638132688
543,15,Stephaine Munson,38,203063,451,4313582,0.0002383544379726287,0.0006508047507026947
179,15,Monte Ernst,122,203063,1887,4313582,0.0002459075032867076,0.0006693294855085073
1742,15,Shanita Koenig,47,203063,597,4313582,0.0002780201702864633,0.0007543787175062602
999,15,Nannie Hutchinson,17,203063,151,4313582,0.00028857386526236694,0.0007805833436134212
2136,15,Maisie Castro,594,203063,11005,4313582,0.00036841973462802436,0.0009934786032848582
769,15,Chery Agee,142,203063,2273,4313582,0.00037898129320892537,0.0010188046493363396
1606,15,Delorse Leblanc,209,203063,3520,4313582,0.00038069627640130714,0.0010202660207555031
899,15,Danilo Lopez,433,203063,7843,4313582,0.0004037532739384846,0.0010787395754614114
1521,15,Yuki Mckinnon,29,203063,326,4313582,0.0004234283069373321,0.0011278472640440865
2173,15,Wendolyn Boyce,28,203063,313,4313582,0.00046767567392426467,0.0012419070487440077
261,15,Lawerence Carrasco,39,203063,483,4313582,0.0004765159031694022,0.0012615360232843445
1963,15,Donovan Dickinson,24,203063,255,4313582,0.00048757258404514637,0.0012868961233434013
1447,15,Clayton Graves,17,203063,158,4313582,0.0005015876036169428,0.0013198876216022877
968,15,Lahoma Kirk,16,203063,145,4313582,0.0005088570939797623,0.0013349835206517258
1419,15,Emelia Mcguire,94,203063,1421,4313582,0.0005151864608317168,0.0013475297519051812
853,15,Kandace Cleveland,15,203063,133,4313582,0.0005513992287608207,0.0014379303241038167
1777,15,Janella Bernier,18,203063,173,4313582,0.0005630282986319994,0.0014638735764431984
1645,15,Cherlyn Lankford,85,203063,1266,4313582,0.0005671213490951641,0.0014701270686365711
2101,15,Zora Dunn,97,203063,1479,4313582,0.0005702293348113371,0.0014737974795865716
1303,15,Cicely Hayward,14,203063,122,4313582,0.0006432077973869632,0.0016574970163433283
636,15,Maragaret Cuellar,113,203063,1774,4313582,0.0006605529020884246,0.001697172795631321
187,15,Dwight Greenberg,24,203063,262,4313582,0.0007236295437954219,0.0018537686254288602
671,15,Erminia Helms,211,203063,3607,4313582,0.0007489575580952408,0.0019130264900321253
1708,15,Jackson Swann,75,203063,1112,4313582,0.0009566397788701085,0.0024363545245493115
891,15,Maryln Hankins,29,203063,344,4313582,0.0010098219808463763,0.002556845771270912
1801,15,Wilbert Jarvis,16,203063,154,4313582,0.0010090517025029293,0.002556845771270912
1770,15,Polly Carroll,285,203063,5061,4313582,0.0011197776393414454,0.0028270328228011564
783,15,Shenna Mckenna,12,203063,103,4313582,0.0011238467885420977,0.0028291056439889222
1776,15,Hildegard Conway,23,203063,260,4313582,0.0014344311350234147,0.0036005461631279374
1511,15,Sandie Grayson,15,203063,146,4313582,0.0015080366017031332,0.003774424942768474
881,15,Lean Tovar,17,203063,176,4313582,0.0017512885662401684,0.004370694387378759
349,15,Shela Howe,21,203063,237,4313582,0.0020542820402260228,0.005112227591533902
1507,15,Rocco Blevins,19,203063,210,4313582,0.002370138034340971,0.005881453640772039
1818,15,Madison Carrington,18,203063,196,4313582,0.0024590003066272924,0.0060846285996374195
350,15,Arianne Fountain,230,203063,4090,4313582,0.00313061182452017,0.007724540790813224
1578,15,Abigail Rowell,20,203063,231,4313582,0.0032709518554286257,0.008048019960673258
1746,15,Maryland Rutledge,25,203063,309,4313582,0.0033907825985585232,0.008319356741815418
17,15,Gisela Barnard,238,203063,4253,4313582,0.0034033246640211507,0.00832667354596186
1270,15,Angelika Gary,29,203063,373,4313582,0.0034201539519752213,0.008344409221765877
1285,15,Kristan Spence,13,203063,131,4313582,0.003622241003467542,0.008812770709553712
108,15,Art Hollingsworth,25,203063,311,4313582,0.0036921435886662596,0.008957819124591399
1671,15,Rene Grayson,42,203063,592,4313582,0.003779486118701692,0.009144256692747705
11,15,Dominga Darling,38,203063,525,4313582,0.0038618537545897593,0.00931765822783291
459,15,Susanna Henley,55,203063,818,4313582,0.003883052410986001,0.009342924447427644
549,15,Robt Greenberg,187,203063,3284,4313582,0.004145214980934189,0.009946232089238784
209,15,Karma Nichols,186,203063,3272,4313582,0.004516986008654224,0.010808502234994036
1318,15,Zada Quinn,25,203063,316,4313582,0.004545542755368659,0.010847034903907128
1910,15,Myrtie Salazar,35,203063,482,4313582,0.004890212183232359,0.011637636097255148
1074,15,Malorie Poe,13,203063,136,4313582,0.005063327011851309,0.012016778821042209
1570,15,Thu Hillman,492,203063,9358,4313582,0.006186953409248842,0.014643577226781905
254,15,Sonny Urban,59,203063,911,4313582,0.006504731212452052,0.01535398614104536
450,15,Verdell Bundy,214,203063,3850,4313582,0.006666613458887985,0.01569356843970658
248,15,Shawn Tillman,14,203063,155,4313582,0.006716947562711612,0.015769437539411898
249,15,Chrystal Fraser,26,203063,343,4313582,0.006937178356172464,0.016242694484479077
1833,15,Lynsey Hinson,19,203063,232,4313582,0.007187814172798493,0.016784413256052247
1700,15,Juli Mcmahan,239,203063,4357,4313582,0.007960412772539158,0.01853882225904173
253,15,Diedra Dominguez,14,203063,160,4313582,0.008903287678368068,0.020679369514289565
878,15,Loni Lucas,17,203063,207,4313582,0.009528514804188239,0.022072703176723288
858,15,Daniella Pickett,118,203063,2030,4313582,0.009740732444260857,0.022504450819499224
1317,15,Tanika Yoder,27,203063,370,4313582,0.010056198170324795,0.023171821709928295
962,15,Hedwig Christiansen,16,203063,194,4313582,0.010717706139227231,0.0245897329736875
587,15,Raymond Siegel,65,203063,1044,4313582,0.010728012089553676,0.0245897329736875
512,15,Sadie Wade,15,203063,179,4313582,0.010915710401274543,0.024954288082703748
2117,15,Saundra Houser,11,203063,120,4313582,0.011239418046105157,0.025627050047532962
2170,15,Brittany Stewart,63,203063,1015,4313582,0.01242073637312044,0.028246635459498442
343,15,Kristi Shoemaker,19,203063,248,4313582,0.014257436413971248,0.03233913311606499
1422,15,Kelsie Mccarthy,11,203063,124,4313582,0.014319385244421915,0.03239528453997789
35,15,Bibi Reed,17,203063,217,4313582,0.014911226538778419,0.0336468350136684
1025,15,Altha Higgins,11,203063,125,4313582,0.015180931261578049,0.034166902141691165
87,15,Akiko Hamilton,134,203063,2372,4313582,0.015288869665609044,0.03432114814109659
930,15,Mauricio Mcgee,198,203063,3621,4313582,0.015429851202048685,0.03454858713877739
707,15,Agnus Fortune,88,203063,1494,4313582,0.015567419497142196,0.0347672368769509
2217,15,Katie Mccall,13,203063,157,4313582,0.016809069937556938,0.037444245308470826
944,15,Chang Carson,21,203063,288,4313582,0.01867899868243817,0.04150359146021338
1157,15,Len Cote,14,203063,175,4313582,0.01895366183902767,0.0420067161877687
1454,15,Scotty Valdez,11,203063,129,4313582,0.01902386125432917,0.04205528718913885
1443,15,Angelique Rockwell,49,203063,781,4313582,0.01912266161766216,0.042166679161984154
1327,15,Zulma Owen,17,203063,224,4313582,0.01991672196474393,0.0438067293719494
426,15,Candance Flowers,26,203063,375,4313582,0.020255652968487605,0.04443998422053578
1882,15,Emeline Bryant,12,203063,146,4313582,0.020917399838685152,0.04577652075249942
705,15,Edna Wills,30,203063,447,4313582,0.02189149642190845,0.047788203968627214
1155,15,Emelda Layton,17,203063,227,4313582,0.022419842571010387,0.04881920719837512
2271,15,Pearly Covington,16,203063,213,4313582,0.024539177843735157,0.05330080773539482
206,15,Tanya Dotson,13,203063,166,4313582,0.025792185902455564,0.055883069455320386
241,15,Sherry Rooney,11,203063,138,4313582,0.030261241358156166,0.0654033280966601
738,15,Kristian Mccoy,15,203063,205,4313582,0.03398350569170416,0.07326641944919388
517,15,Paulita Mathis,96,203063,1705,4313582,0.03447918214538705,0.0741515250583509
1805,15,Delisa Hawk,12,203063,157,4313582,0.03506518293378143,0.07522604516089562
134,15,Roxy Gibbons,23,203063,342,4313582,0.03521004744401959,0.07534758645034112
1846,15,Lolita Case,15,203063,206,4313582,0.03529485105825393,0.07534758645034112
1184,15,Olive Larsen,17,203063,240,4313582,0.036108790353951606,0.07689671491024902
1340,15,Monica Ewing,25,203063,379,4313582,0.037209384211469826,0.07904725280046394
1727,15,Alvina Brewster,13,203063,175,4313582,0.03791024779219806,0.0803402088248285
1583,15,Novella Shannon,18,203063,259,4313582,0.03871059138522252,0.08183719683623498
1415,15,Natisha Edmondson,15,203063,209,4313582,0.0394492626776291,0.08319687116759067
373,15,Saul Hansen,12,203063,160,4313582,0.03989118464952159,0.08392565659355872
577,15,Gale Sierra,17,203063,246,4313582,0.04416317556510092,0.09268946004145277
435,15,Kimberlie Peacock,11,203063,148,4313582,0.04761442010892435,0.09969269210306037
219,15,Laurette Collier,43,203063,719,4313582,0.048817266448942354,0.1019660409521074
2074,15,Estella Granger,48,203063,813,4313582,0.04915845263869248,0.10243304365622284
1248,15,Marilyn Castillo,12,203063,166,4313582,0.05091047474767051,0.10583060502439384
1182,15,Michal Frye,18,203063,273,4313582,0.05949552720711808,0.12338239094619011
1183,15,Ena Cagle,30,203063,489,4313582,0.05994798675430043,0.12402540727552416
1162,15,Andreas Berg,153,203063,2886,4313582,0.062560014146569,0.12912268322668627
1356,15,Dannielle Gates,63,203063,1116,4313582,0.06385338032585183,0.13117050533919092
1000,15,Jose Brandt,12,203063,172,4313582,0.0638518865010737,0.13117050533919092
195,15,Jim Nielsen,95,203063,1746,4313582,0.06886273921892104,0.14112810790512995
702,15,Liana Barrett,225,203063,4347,4313582,0.06913023214659124,0.14134373755793656
946,15,Keith Lancaster,191,203063,3663,4313582,0.07018293978042164,0.14316004812352986
1094,15,Ruthie Duran,21,203063,336,4313582,0.0766615862823803,0.1560099104017599
124,15,Lindsey Stanford,176,203063,3383,4313582,0.08235375543102968,0.1672030792084542
1868,15,Hue Craft,457,203063,9122,4313582,0.08334263960001076,0.16881730021304506
1081,15,Leta Girard,259,203063,5073,4313582,0.08631054564997769,0.17442339967779713
1145,15,Joane Sumner,14,203063,217,4313582,0.08999263814857245,0.18144349034121898
882,15,Kristina Reeves,27,203063,459,4313582,0.10026219955268288,0.20168216122491175
1004,15,Leanora Mullins,100,203063,1892,4313582,0.10871064394780171,0.21817274395975875
33,15,Shavon Pittman,13,203063,206,4313582,0.10920409018367605,0.21865922425283182
2303,15,Shasta Anderson,15,203063,243,4313582,0.1125822110662244,0.22490620605202166
336,15,Charissa Wynn,37,203063,656,4313582,0.1133297484780551,0.2258814895294874
708,15,Lucie Whalen,28,203063,485,4313582,0.11446946682243642,0.22763220457155736
799,15,Alverta Hebert,26,203063,448,4313582,0.11606149183253237,0.2302723448431337
389,15,Tomi Slade,146,203063,2827,4313582,0.11764723458508926,0.23288804846275626
384,15,Noble Gleason,14,203063,227,4313582,0.11877818968166384,0.23459365807875102
771,15,Denese Ellsworth,22,203063,375,4313582,0.12082669509589192,0.23809966386543407
1640,15,Taina Garner,22,203063,376,4313582,0.1232647517713767,0.24235575348277452
1293,15,Erline Delaney,138,203063,2678,4313582,0.12899341009213275,0.2530478833113685
104,15,Fallon Hobbs,15,203063,251,4313582,0.13723111934436052,0.26860293246952366
260,15,Rufina Locke,14,203063,233,4313582,0.13836617447896837,0.2702173497111692
1241,15,Shaquita Finley,20,203063,346,4313582,0.14311694176174986,0.2788699245514186
306,15,Clemente Dodge,12,203063,198,4313582,0.14357212717477638,0.2791324168956032
19,15,Arlyne Landis,21,203063,367,4313582,0.14913166936960212,0.28929551006887183
18,15,Brendon Glenn,18,203063,311,4313582,0.1507328636855415,0.29175183171134816
1682,15,Kimiko Nixon,22,203063,389,4313582,0.15762746264067393,0.304420221640858
2070,15,Shelia Mixon,24,203063,429,4313582,0.16251203932614966,0.3131592616218503
1737,15,Kandi Bateman,18,203063,316,4313582,0.16663232453315233,0.3203901869059066
102,15,Rickie Painter,22,203063,393,4313582,0.16917563947388664,0.32456383696421864
1217,15,Lean Klein,18,203063,317,4313582,0.16991543236013132,0.32526668480368
2032,15,Keeley Cortes,48,203063,902,4313582,0.17046330665770726,0.3255998686378575
1684,15,Dawne Steen,47,203063,883,4313582,0.1720649918092675,0.3279400609756498
1966,15,Brice Byrne,20,203063,366,4313582,0.2058491373645774,0.3914729228046876
247,15,Lavelle Barksdale,138,203063,2751,4313582,0.20758821984924705,0.3939201296049982
2276,15,Lynn Starnes,18,203063,330,4313582,0.21555530795027145,0.4081492896188836
75,15,Veronica Klein,29,203063,546,4313582,0.2176459970154142,0.4112140203913791
2230,15,Doretha Durbin,40,203063,770,4313582,0.23087945650789546,0.4352727415982185
594,15,Rolando Hudson,43,203063,833,4313582,0.23763657392169424,0.4470441811788244
2004,15,Arnita Reaves,17,203063,317,4313582,0.24037597301361646,0.45122300106650853
536,15,Benjamin Welch,202,203063,4108,4313582,0.24892910253645953,0.46627365227797046
246,15,Lurline Leon,24,203063,460,4313582,0.2589219258708231,0.48395063826928514
1135,15,Luanna Flood,222,203063,4537,4313582,0.2637010633551925,0.49182789332413845
1888,15,Brigida Ambrose,134,203063,2712,4313582,0.2649972877157245,0.4931893965820428
1773,15,Herbert Roy,27,203063,526,4313582,0.27929491541738194,0.5183433753631292
1689,15,Ayako Kidd,52,203063,1033,4313582,0.2797030842946851,0.5183433753631292
1676,15,Vesta Weir,15,203063,288,4313582,0.2843079020028342,0.52464445475523
626,15,Scarlet Chen,12,203063,229,4313582,0.2843043113976374,0.52464445475523
768,15,Tressa Harrell,29,203063,570,4313582,0.29151989714993853,0.5368157091281109
367,15,Karla Luna,85,203063,1724,4313582,0.30615213379503475,0.562570693112817
2123,15,Joana Ho,36,203063,720,4313582,0.31581946849338305,0.5791131727531298
319,15,Marianela Rhodes,19,203063,379,4313582,0.33259259601856617,0.6085885527986789
2010,15,Epifania Beaulieu,11,203063,219,4313582,0.3369190101238758,0.6152126998278739
31,15,Aracely Wang,42,203063,855,4313582,0.3503050165327609,0.6383173000000727
1118,15,Susy Cuevas,153,203063,3172,4313582,0.35891117373449244,0.6526338879389205
1132,15,Ladonna Gifford,128,203063,2650,4313582,0.36082636245781036,0.6547495035432351
66,15,Carina Sweet,14,203063,286,4313582,0.371504675575177,0.6727246827982934
1473,15,Sharla Foley,29,203063,595,4313582,0.37632592026219425,0.6800412376522224
2097,15,Shawnda Sisk,46,203063,952,4313582,0.39002289165575144,0.703333206277763
176,15,Ping Bermudez,21,203063,435,4313582,0.3960095931202274,0.7126536272886737
992,15,Tarsha Morrison,12,203063,251,4313582,0.4024521506215832,0.7227542746214412
1734,15,Lady Swift,31,203063,645,4313582,0.405926846091961,0.7274944093541111
347,15,Marlene Hood,12,203063,252,4313582,0.40796136321493387,0.7296393169614115
1577,15,Mellissa Nash,13,203063,273,4313582,0.41021893044606206,0.7321735418412296
163,15,Alia Head,13,203063,275,4313582,0.42081816488427315,0.7495554634237258
614,15,Vernia Sousa,131,203063,2772,4313582,0.4586735969777353,0.8153157203420561
1057,15,Chester Thorpe,28,203063,598,4313582,0.4615790248216303,0.8188092273312423
2055,15,Jettie Dodge,14,203063,305,4313582,0.4683482738965142,0.8274469504338009
1166,15,Vincent Griffith,16,203063,347,4313582,0.4680393298287823,0.8274469504338009
362,15,Bibi Galindo,168,203063,3572,4313582,0.48430800616147723,0.8539114845478678
2065,15,Leana Morton,11,203063,246,4313582,0.4913361968035788,0.8628101359191878
745,15,Evangelina Magana,11,203063,246,4313582,0.4913361968035788,0.8628101359191878
1079,15,Ranae Mckenna,12,203063,268,4313582,0.49581805728874173,0.8689286275623622
1405,15,Mahalia Horn,35,203063,759,4313582,0.5053833690088287,0.8839134827443571
1266,15,Vergie Seymour,28,203063,611,4313582,0.5084986126258533,0.8875797426795956
1757,15,Kaila Vann,42,203063,911,4313582,0.5146333471137352,0.8964912906721269
939,15,Clark Akins,30,203063,656,4313582,0.5169282461736362,0.8986916215912916
743,15,Catrina Mendoza,20,203063,443,4313582,0.5181593439965451,0.899037427531854
1559,15,Cris Darnell,147,203063,3153,4313582,0.5260941572741579,0.9109900814826869
1567,15,Son Hanson,13,203063,296,4313582,0.5309795489611622,0.9176253713197863
1716,15,Amee Lee,225,203063,4825,4313582,0.5403327620541358,0.9319402688102026
81,15,Maryjo Campos,12,203063,283,4313582,0.5752780765220002,0.9902513925902414
392,15,Kaye Randall,128,203063,2782,4313582,0.5822608895073283,0.9995978581804539
2052,15,Theron Guillory,83,203063,1817,4313582,0.5830031136115621,0.9995978581804539
1878,15,Phylis Hyde,12,203063,358,4313582,0.8635242609965119,1.0
2242,15,Jarrett Holbrook,26,203063,793,4313582,0.9702708909600672,1.0
1623,15,Lakeesha Newcomb,120,203063,3239,4313582,0.9969063693170803,1.0
2234,15,Kandice Holder,51,203063,6472,4313582,1.0,1.0
1633,15,Clint Middleton,73,203063,1879,4313582,0.9514668222250601,1.0
1880,15,Hye Jarrett,204,203063,6009,4313582,0.9999997219087591,1.0
2233,15,Lera Ortega,11,203063,983,4313582,1.0,1.0
1626,15,Jarrod Mcmanus,47,203063,1395,4313582,0.9916137009424291,1.0
2231,15,Blanch Knutson,26,203063,1199,4313582,0.9999968313180676,1.0
1854,15,Dinah Horner,11,203063,1631,4313582,0.9999999998465251,1.0
1628,15,Lydia Nolan,22,203063,622,4313582,0.9042363680706832,1.0
2228,15,Fe Jarrett,549,203063,14605,4313582,0.9999999887519975,1.0
2225,15,Graig Cody,16,203063,2163,4313582,1.0,1.0
1869,15,Rafael Bouchard,76,203063,25199,4313582,0.9999999956104729,1.0
1884,15,Ilene Scott,132,203063,3062,4313582,0.8398864898772009,1.0
2219,15,Tamara Carmichael,16,203063,908,4313582,0.999998328231332,1.0
1885,15,Kiara Lofton,15,203063,2035,4313582,0.9999999991756384,1.0
1871,15,Bree Valencia,43,203063,1290,4313582,0.9908661872947814,1.0
1872,15,Dollie Hobson,66,203063,2739,4313582,0.9999999915832662,1.0
2207,15,Jamika Franklin,11,203063,4776,4313582,0.999999996018135,1.0
2206,15,Colin Kerns,26,203063,730,4313582,0.9195596091952376,1.0
1849,15,Kaye Combs,137,203063,3005,4313582,0.6292068887854242,1.0
1771,15,Vicente Corbett,22,203063,659,4313582,0.946917246396907,1.0
1791,15,Reena Hubbard,21,203063,1297,4313582,0.9999999905929764,1.0
2314,15,Valentine Brewer,253,203063,15503,4313582,1.0,1.0
2313,15,Camelia Pressley,88,203063,4867,4313582,0.9999999979421976,1.0
1594,15,Santiago Corbett,13,203063,574,4313582,0.9981667036517249,1.0
2305,15,Alessandra Suggs,17,203063,1239,4313582,1.0,1.0
1794,15,Kandis Funk,128,203063,3332,4313582,0.9913294195073611,1.0
1599,15,Syble Shuler,139,203063,3059,4313582,0.6456217348028271,1.0
2302,15,Cliff Creech,554,203063,25267,4313582,1.0,1.0
1795,15,Dotty Sorenson,35,203063,4745,4313582,1.0,1.0
1796,15,Hwa Felton,14,203063,361,4313582,0.7245045382077763,1.0
1782,15,Neely Bright,43,203063,1241,4313582,0.9807619883688972,1.0
2285,15,Jestine Flynn,24,203063,3412,4313582,0.9999999978434669,1.0
1610,15,Sonja Killian,377,203063,9478,4313582,0.9996796905255716,1.0
2280,15,Jeremy Sykes,16,203063,1222,4313582,0.9999999985480253,1.0
1827,15,Darron Browne,18,203063,564,4313582,0.9512614624302822,1.0
2275,15,Nellie Piper,17,203063,15867,4313582,1.0,1.0
2273,15,Mirna Stewart,26,203063,2362,4313582,1.0,1.0
1614,15,Anya Littlejohn,22,203063,529,4313582,0.6806111186637764,1.0
1615,15,Lovie Pope,29,203063,744,4313582,0.8301719065088482,1.0
1828,15,Soo Solomon,11,203063,1165,4313582,0.9999999994434109,1.0
1841,15,Cleora Dobbins,28,203063,2068,4313582,0.9999999992988042,1.0
2196,15,Lavera Browning,23,203063,666,4313582,0.929420279042324,1.0
1620,15,Salvador Trujillo,11,203063,275,4313582,0.6461289434519043,1.0
2245,15,Reed Kyle,11,203063,530,4313582,0.9988062484678397,1.0
1887,15,Cliff Boggs,78,203063,3334,4313582,1.0,1.0
2177,15,Juana Avila,17,203063,640,4313582,0.9941147750719153,1.0
2181,15,Danyell Wu,19,203063,473,4313582,0.7188236642636716,1.0
2085,15,Carlene Hamby,25,203063,810,4313582,0.9860099027810186,1.0
2080,15,Caryl Shook,19,203063,1051,4313582,0.9999995859533637,1.0
1729,15,Suzette Pace,119,203063,3003,4313582,0.972617003416527,1.0
1952,15,Petrina Diggs,17,203063,430,4313582,0.7267895443883257,1.0
2079,15,Susy Mcclendon,23,203063,1102,4313582,0.9999962866941067,1.0
1726,15,Loan Brunson,13,203063,984,4313582,0.9999999955629084,1.0
2071,15,Morris Stovall,396,203063,14807,4313582,0.9999999988234426,1.0
1688,15,Marjory Robinson,124,203063,2846,4313582,0.7981669212534479,1.0
1724,15,Jeannette Youngblood,60,203063,2493,4313582,0.9999999990165424,1.0
2067,15,Celia Tang,64,203063,1411,4313582,0.5885387154907694,1.0
1965,15,Marci Lau,17,203063,4316,4313582,1.0,1.0
1692,15,Moshe Aldrich,13,203063,312,4313582,0.6103715089078923,1.0
1694,15,Carmen Boles,12,203063,544,4313582,0.9981388531934516,1.0
1698,15,Lashaun Longoria,131,203063,3369,4313582,0.9879864677051358,1.0
1723,15,Skye Sweeney,84,203063,1944,4313582,0.7716534175406993,1.0
1722,15,Tod Mcdowell,22,203063,7266,4313582,1.0,1.0
1982,15,Colin Hunt,26,203063,1610,4313582,0.9999999985165271,1.0
1699,15,Ching Kimball,20,203063,1636,4313582,1.0,1.0
2048,15,Melvina Hurst,14,203063,1556,4313582,1.0,1.0
1988,15,Thanh Francis,17,203063,399,4313582,0.6065209765163929,1.0
1994,15,Breanne Emerson,14,203063,5231,4313582,0.9999999996342512,1.0
2022,15,Nanette Dorsey,53,203063,1381,4313582,0.93152353660262,1.0
2020,15,Angele Nugent,24,203063,3611,4313582,0.9999999989204382,1.0
1950,15,Darlena Cardwell,164,203063,3644,4313582,0.7063619195622964,1.0
1947,15,Britta Tilley,30,203063,923,4313582,0.9820122942883205,1.0
2104,15,Vella Hayward,48,203063,1093,4313582,0.656857784661377,1.0
2106,15,Leigh Salazar,18,203063,826,4313582,0.9998869720059376,1.0
2005,15,Verda Oldham,49,203063,1918,4313582,0.9999991007622577,1.0
2176,15,Tiffany Mcconnell,49,203063,2335,4313582,1.0,1.0
1639,15,Irena Oldham,12,203063,1495,4313582,0.9999999983481244,1.0
2161,15,Valeria Crowder,28,203063,1904,4313582,1.0,1.0
1768,15,Araceli Anders,52,203063,2552,4313582,1.0,1.0
1891,15,Katrice Prince,13,203063,4009,4313582,1.0,1.0
2154,15,Kitty Murdock,134,203063,3084,4313582,0.8175974165614583,1.0
1892,15,Molly Champion,542,203063,19388,4313582,1.0,1.0
2142,15,Myriam Glover,120,203063,3053,4313582,0.9786268262277433,1.0
1897,15,Soraya Downey,14,203063,1233,4313582,0.9999999968661217,1.0
2138,15,Lucile Cardwell,238,203063,5403,4313582,0.8459206237593815,1.0
2192,15,Thresa Tracy,14,203063,4238,4313582,0.9999999959282284,1.0
2137,15,Dana Kirk,13,203063,1126,4313582,0.9999999972528967,1.0
1754,15,Lidia Montanez,21,203063,3265,4313582,0.9999999990174898,1.0
1904,15,Deedra Zepeda,14,203063,1960,4313582,1.0,1.0
1906,15,Leanora Dill,19,203063,17499,4313582,0.9999999962024573,1.0
1654,15,Delmar Bentley,29,203063,1352,4313582,0.9999994100726207,1.0
1743,15,Kimberely Hutchison,114,203063,2771,4313582,0.925913187748062,1.0
1665,15,Codi Mcghee,155,203063,3384,4313582,0.6170088972434683,1.0
1913,15,Sherril Irwin,158,203063,18684,4313582,1.0,1.0
2119,15,Sherry Ambrose,56,203063,2059,4313582,0.9999970914331963,1.0
1672,15,Daria Estrada,21,203063,8927,4313582,1.0,1.0
1924,15,Valencia Rose,47,203063,1129,4313582,0.7840766784721982,1.0
1732,15,Jenee Ellsworth,45,203063,31528,4313582,1.0,1.0
1902,15,Darryl Hemphill,12,203063,611,4313582,0.9997211920742524,1.0
1789,15,Tamesha Blanco,98,203063,2704,4313582,0.9965802048211252,1.0
1,15,Yukiko Stamper,38,203063,2001,4313582,1.0,1.0
1571,15,Lorrie Shipley,135,203063,3374,4313582,0.9733028771915194,1.0
571,15,Katia Herring,20,203063,516,4313582,0.7812192609590343,1.0
550,15,Adalberto Seymour,13,203063,362,4313582,0.808180759029264,1.0
545,15,Leonarda Huggins,16,203063,675,4313582,0.9987216372245691,1.0
544,15,Sharie Brenner,23,203063,4222,4313582,1.0,1.0
531,15,Diana Jacob,12,203063,1108,4313582,1.0,1.0
528,15,Veta Flores,112,203063,2871,4313582,0.9793325937796361,1.0
527,15,Deanna Stapleton,15,203063,397,4313582,0.7704859749361308,1.0
524,15,Maryanna Croft,87,203063,1931,4313582,0.6373924234450715,1.0
516,15,Irene Goode,19,203063,5070,4313582,1.0,1.0
511,15,Hoa Delaney,106,203063,2562,4313582,0.9078319167456224,1.0
506,15,Annalisa Hobbs,79,203063,2020,4313582,0.9523151708976351,1.0
503,15,Shanae Calloway,19,203063,465,4313582,0.6910586589396751,1.0
499,15,Anne Carey,48,203063,24014,4313582,1.0,1.0
579,15,Deana Chung,140,203063,3636,4313582,0.993125431747855,1.0
495,15,Ellyn Stringer,22,203063,557,4313582,0.7676239774339906,1.0
479,15,Ramona Paul,54,203063,1502,4313582,0.9790819395943647,1.0
461,15,Georgiana Bartlett,30,203063,1105,4313582,0.9994798951975716,1.0
453,15,Blake Huber,108,203063,3060,4313582,0.9991969100666258,1.0
452,15,Mi Stout,19,203063,652,4313582,0.9854570765069253,1.0
441,15,Maira Gay,52,203063,6558,4313582,1.0,1.0
431,15,Kecia Maxwell,19,203063,547,4313582,0.9004116535838387,1.0
430,15,Mozella Marino,30,203063,3124,4313582,1.0,1.0
427,15,Mimi Lovett,56,203063,1297,4313582,0.7206081021814829,1.0
419,15,Carson Mayer,117,203063,3115,4313582,0.9944187212404683,1.0
414,15,Magdalen Tuttle,126,203063,3067,4313582,0.9386177745108399,1.0
412,15,Shela Wilder,38,203063,3430,4313582,1.0,1.0
407,15,Shellie Blount,43,203063,3859,4313582,0.9999999999201058,1.0
403,15,Lyndia Delgado,25,203063,616,4313582,0.7419698490506015,1.0
492,15,Mariko Hayes,796,203063,30122,4313582,1.0,1.0
581,15,Isa Farr,153,203063,4552,4313582,0.9999959636146013,1.0
586,15,Georgine Farr,51,203063,1494,4313582,0.9916126843989377,1.0
596,15,Yevette Tatum,16,203063,4220,4313582,0.999999997658348,1.0
776,15,Katharyn Macdonald,35,203063,1040,4313582,0.9795603344139772,1.0
775,15,Dante Alaniz,11,203063,2412,4313582,0.9999999985464602,1.0
772,15,Leonarda White,103,203063,4136,4313582,0.999999999630727,1.0
766,15,Dulce Rivera,26,203063,1217,4313582,0.9999980571912777,1.0
750,15,Jimmie Trejo,15,203063,1043,4313582,0.999999990113784,1.0
747,15,Garret Jacobsen,94,203063,35618,4313582,0.9999999996820356,1.0
744,15,Zackary Wang,11,203063,1030,4313582,1.0,1.0
729,15,Phuong Gilbert,109,203063,2743,4313582,0.9641896910627651,1.0
719,15,Nia Maxwell,28,203063,1766,4313582,0.9999999992894588,1.0
711,15,Ginette Rowley,291,203063,34908,4313582,0.9999999986875784,1.0
710,15,Orville Dewitt,11,203063,292,4313582,0.7238585957446237,1.0
697,15,Jacquie Cuevas,16,203063,713,4313582,0.9995247201172701,1.0
690,15,Tracey Lackey,144,203063,3410,4313582,0.9041016526900517,1.0
670,15,Della Donnelly,69,203063,7235,4313582,1.0,1.0
669,15,Genaro Priest,11,203063,880,4313582,0.9999999861632676,1.0
668,15,Creola Roberts,20,203063,1175,4313582,0.999999968552965,1.0
658,15,Dominick Shockley,113,203063,4506,4313582,1.0,1.0
655,15,Oneida Brewer,18,203063,615,4313582,0.9818861322821657,1.0
653,15,Chantel Gagne,61,203063,3159,4313582,0.9999999925063068,1.0
651,15,Clint Norton,13,203063,316,4313582,0.6292315601646802,1.0
646,15,Torri Walker,13,203063,7573,4313582,1.0,1.0
638,15,Yanira Moss,252,203063,21118,4313582,1.0,1.0
632,15,Joi Cho,22,203063,570,4313582,0.8022019221764216,1.0
627,15,Leigha Jarrell,29,203063,1780,4313582,0.9999999972759841,1.0
625,15,Luetta Stern,241,203063,7546,4313582,0.9999999986675625,1.0
618,15,Phyllis Mccracken,17,203063,6716,4313582,1.0,1.0
613,15,Malia Stover,166,203063,3945,4313582,0.9275835441213542,1.0
610,15,Ivana Barney,15,203063,822,4313582,0.9999913417533515,1.0
598,15,Judie Friedman,133,203063,3372,4313582,0.981942938839227,1.0
400,15,Cordie Goodrich,11,203063,652,4313582,0.9999704406444444,1.0
777,15,Kareen Bassett,11,203063,1259,4313582,1.0,1.0
388,15,Frank Hawk,172,203063,4013,4313582,0.8906333556059989,1.0
377,15,Hester Lopes,18,203063,606,4313582,0.9782559100209827,1.0
141,15,Adelle Rosado,16,203063,2129,4313582,0.9999999974829702,1.0
138,15,Julio Galvan,25,203063,3603,4313582,1.0,1.0
137,15,Leota Odonnell,33,203063,2390,4313582,0.999999998350604,1.0
129,15,Blanca Smart,37,203063,2275,4313582,1.0,1.0
128,15,Eloise Mora,11,203063,306,4313582,0.7789657998849564,1.0
116,15,Vicki Clayton,11,203063,558,4313582,0.9994689580113051,1.0
111,15,Raleigh Meredith,230,203063,9592,4313582,0.9999999974721829,1.0
101,15,Judie Mayo,14,203063,838,4313582,0.9999981166785779,1.0
77,15,Alphonso Roach,31,203063,913,4313582,0.9681988818747289,1.0
73,15,Kayla Hensley,14,203063,341,4313582,0.641958049958322,1.0
69,15,Migdalia Barr,18,203063,634,4313582,0.9878118991289826,1.0
65,15,Shaunte Easley,198,203063,4364,4313582,0.6871712144097671,1.0
64,15,Nu Vera,12,203063,6020,4313582,1.0,1.0
142,15,Adan Chavez,17,203063,1243,4313582,0.9999999995619742,1.0
63,15,Fritz Vann,123,203063,7128,4313582,0.9999999905876964,1.0
52,15,Randell Obrien,23,203063,970,4313582,0.9998771843825545,1.0
50,15,Tasha Sizemore,42,203063,1357,4313582,0.9980782027241838,1.0
40,15,Tomi Stubbs,131,203063,2869,4313582,0.6185845207755103,1.0
36,15,Bibi Daugherty,34,203063,2136,4313582,1.0,1.0
34,15,Tonita Faulkner,27,203063,780,4313582,0.9453425397649182,1.0
32,15,Yesenia Pope,23,203063,10020,4313582,0.9999999981350383,1.0
21,15,Darin Carnes,61,203063,1947,4313582,0.9996716315094694,1.0
20,15,Jesenia Ambrose,18,203063,718,4313582,0.9981928497922585,1.0
15,15,Louanne Finn,117,203063,3059,4313582,0.9898720803290441,1.0
14,15,Janetta Pettit,126,203063,3111,4313582,0.9568318990563287,1.0
8,15,Felicia Nava,17,203063,579,4313582,0.977866430058643,1.0
7,15,Sharron Camp,22,203063,7487,4313582,1.0,1.0
2,15,Danna Hester,13,203063,909,4313582,0.9999999401750921,1.0
53,15,Kitty Whitmore,18,203063,7742,4313582,0.9999999996874773,1.0
146,15,Marhta Black,17,203063,13292,4313582,1.0,1.0
156,15,Paz Parson,15,203063,398,4313582,0.7737529681870556,1.0
158,15,Catina Lovett,70,203063,5100,4313582,1.0,1.0
365,15,Annmarie Mckay,27,203063,1050,4313582,0.9997222406185683,1.0
358,15,Lakita Vinson,13,203063,335,4313582,0.7120807122637784,1.0
355,15,Summer Eubanks,12,203063,5358,4313582,1.0,1.0
354,15,Zada Mcfarland,14,203063,405,4313582,0.859719017573084,1.0
346,15,Tamisha Galloway,17,203063,781,4313582,0.9998300387449026,1.0
344,15,Shawnta Jensen,17,203063,2372,4313582,0.999999996082681,1.0
320,15,Lawanna Piper,16,203063,4500,4313582,1.0,1.0
318,15,Pamela Brinkley,42,203063,1014,4313582,0.7785821705062146,1.0
311,15,Kirsten Peacock,38,203063,1018,4313582,0.9220072843415174,1.0
308,15,Haley Fitzgerald,125,203063,6936,4313582,1.0,1.0
305,15,Minh Beverly,108,203063,11604,4313582,0.9999999990656416,1.0
298,15,Ruby Brannon,15,203063,379,4313582,0.7062848954268865,1.0
292,15,Cira Villarreal,12,203063,477,4313582,0.9894183136134201,1.0
290,15,Vincenzo Nunn,127,203063,4683,4313582,1.0,1.0
289,15,Jenny Trevino,109,203063,2758,4313582,0.9687886053203708,1.0
284,15,Charline Norton,32,203063,961,4313582,0.9780387923374576,1.0
276,15,Antionette Larsen,14,203063,736,4313582,0.9999557924541096,1.0
270,15,Savannah Murry,13,203063,374,4313582,0.8424979978758811,1.0
256,15,Tesha Mendez,16,203063,414,4313582,0.7502705826275521,1.0
245,15,Andreas Poirier,221,203063,12820,4313582,1.0,1.0
242,15,Torie Shelton,76,203063,2757,4313582,0.999999881734646,1.0
223,15,Kylie Shafer,103,203063,13636,4313582,1.0,1.0
220,15,Madalyn Ross,12,203063,522,4313582,0.9966421822430902,1.0
210,15,Tresa Winter,24,203063,1359,4313582,0.9999999975470384,1.0
207,15,Rhiannon Parsons,12,203063,372,4313582,0.8945400552936289,1.0
205,15,Delmar Everett,16,203063,1660,4313582,1.0,1.0
204,15,Marylin Powers,12,203063,395,4313582,0.9328202723264482,1.0
182,15,Assunta Haney,39,203063,1241,4313582,0.9961666182766162,1.0
164,15,Kaitlyn Acker,26,203063,642,4313582,0.7514381031808706,1.0
387,15,Carley Maynard,19,203063,997,4313582,0.9999978905166227,1.0
1584,15,Dominick Gates,11,203063,1135,4313582,1.0,1.0
778,15,Nelson Peters,152,203063,3572,4313582,0.8932339261987605,1.0
787,15,Ezra Fritz,116,203063,24509,4313582,1.0,1.0
1361,15,Dalila Spicer,27,203063,1884,4313582,0.9999999972569171,1.0
1358,15,Kendal Wolff,78,203063,2516,4313582,0.9999657941953604,1.0
1357,15,Julie Laws,154,203063,7842,4313582,1.0,1.0
1344,15,Brianna Nance,38,203063,19984,4313582,1.0,1.0
1332,15,Sheryll Esquivel,17,203063,989,4313582,0.9999996269198539,1.0
1329,15,Kyoko Roth,35,203063,803,4313582,0.6412349834736399,1.0
1320,15,Rocio Escobedo,322,203063,20109,4313582,1.0,1.0
1314,15,Vena Valenzuela,36,203063,9853,4313582,1.0,1.0
1313,15,Rosalie Talley,97,203063,4313,4313582,0.9999999989619679,1.0
1309,15,Damaris Sewell,28,203063,2127,4313582,0.9999999954544443,1.0
1307,15,Rachell Dye,53,203063,1418,4313582,0.955377420608563,1.0
1292,15,Leeanne Duff,25,203063,764,4313582,0.9681919837314528,1.0
1288,15,Jc Barnard,72,203063,2210,4313582,0.9995619418699527,1.0
1370,15,Freeman Burkhart,14,203063,2280,4313582,1.0,1.0
1282,15,Ivette Pelletier,20,203063,5707,4313582,1.0,1.0
1277,15,Keturah Richardson,92,203063,2667,4313582,0.9991846544169725,1.0
1269,15,Al Kincaid,18,203063,3224,4313582,1.0,1.0
1261,15,Deandre Fleming,59,203063,1986,4313582,0.9999365571611297,1.0
1250,15,Floy Ashley,22,203063,1588,4313582,0.9999999952321293,1.0
1247,15,Lillie Glass,18,203063,874,4313582,0.9999700237282731,1.0
1238,15,Nery Brinkley,12,203063,1257,4313582,1.0,1.0
1229,15,Marylyn Lund,16,203063,633,4313582,0.9963803551977473,1.0
1228,15,Ginger Kidd,12,203063,3944,4313582,1.0,1.0
1227,15,Gillian Dietz,23,203063,1244,4313582,0.9999999400638248,1.0
1215,15,Calvin Dias,13,203063,4804,4313582,1.0,1.0
1211,15,Liza Hill,21,203063,617,4313582,0.9292891842983795,1.0
1210,15,Haydee Ingram,24,203063,2957,4313582,0.9999999990269682,1.0
1206,15,Lauretta Sweet,60,203063,1398,4313582,0.7454624439173311,1.0
1280,15,Leia Mcbride,34,203063,1456,4313582,0.999998098839228,1.0
1371,15,Miss Hogue,15,203063,562,4313582,0.9899672987375306,1.0
1373,15,Percy Rowland,37,203063,3951,4313582,1.0,1.0
1394,15,Cyrus Etheridge,14,203063,625,4313582,0.9989701938593425,1.0
1562,15,Clotilde Mccann,147,203063,4967,4313582,1.0,1.0
1561,15,Hsiu Diamond,20,203063,1286,4313582,0.9999999973487982,1.0
1555,15,Kia Sampson,140,203063,3812,4313582,0.9989683523582901,1.0
1549,15,Hsiu Layne,118,203063,5112,4313582,1.0,1.0
1548,15,Malvina Mccann,220,203063,4853,4313582,0.7027298715411261,1.0
1545,15,Willodean Haskins,18,203063,698,4313582,0.9970908116103189,1.0
1540,15,Queenie Moffett,242,203063,5874,4313582,0.9834465522124692,1.0
1539,15,Merlyn Herrington,21,203063,1726,4313582,0.999999998701987,1.0
1538,15,Jaye Velasco,22,203063,12207,4313582,1.0,1.0
1535,15,Jasper Varner,25,203063,598,4313582,0.6879391020964412,1.0
1530,15,Duncan Zepeda,202,203063,4937,4313582,0.9795224868260425,1.0
1526,15,Elaine Delaney,19,203063,731,4313582,0.9974254811359055,1.0
1524,15,Freddie Summers,33,203063,11783,4313582,0.9999999961435588,1.0
1516,15,Arlene Greer,13,203063,345,4313582,0.7507437142728013,1.0
1513,15,Melissia Hewitt,121,203063,3318,4313582,0.998373794712216,1.0
1509,15,Delia Greenwood,25,203063,644,4313582,0.813610510653958,1.0
1504,15,Ed Irvin,70,203063,2274,4313582,0.9999370493146273,1.0
1502,15,Heather Huddleston,173,203063,3997,4313582,0.8638644377443401,1.0
1496,15,Moriah Brunner,19,203063,1098,4313582,0.99999990599425,1.0
1492,15,Tracy Pennington,13,203063,4144,4313582,0.9999999975007903,1.0
1483,15,Stacee Sylvester,54,203063,3820,4313582,1.0,1.0
1477,15,Camelia Luther,36,203063,809,4313582,0.5945918265860751,1.0
1468,15,Briana Lugo,154,203063,3766,4313582,0.9624349555114177,1.0
1452,15,Delores Clement,43,203063,2811,4313582,1.0,1.0
1436,15,Camilla Cloud,55,203063,1344,4313582,0.841666187683608,1.0
1426,15,Alethia Milton,1165,203063,28732,4313582,0.9999999510626671,1.0
1421,15,Concha Mckinley,150,203063,3424,4313582,0.8049762722716008,1.0
1409,15,Carolee Beasley,18,203063,1214,4313582,0.999999991000468,1.0
1404,15,Tennille Conway,101,203063,18328,4313582,1.0,1.0
1203,15,Jamee Everett,16,203063,655,4313582,0.9978862433163989,1.0
782,15,Hana Crouch,155,203063,3573,4313582,0.8422747644170919,1.0
1197,15,Emogene Fitzgerald,32,203063,2866,4313582,0.9999999930243807,1.0
1195,15,Erwin Oleary,55,203063,4949,4313582,1.0,1.0
957,15,Mariam Lund,34,203063,17687,4313582,1.0,1.0
943,15,Deb Rider,23,203063,1564,4313582,1.0,1.0
941,15,Clifford Richard,182,203063,4600,4313582,0.9923209843118411,1.0
936,15,Clemencia Pickering,21,203063,796,4313582,0.997939939060586,1.0
934,15,Cris Jernigan,17,203063,1330,4313582,1.0,1.0
932,15,Blondell Carney,14,203063,1270,4313582,1.0,1.0
929,15,Torie Benton,11,203063,856,4313582,0.9999999700797528,1.0
926,15,Traci Caudill,16,203063,1241,4313582,0.999999999981047,1.0
914,15,Colene Echols,34,203063,887,4313582,0.8769281665161663,1.0
907,15,Wenona Ames,14,203063,1111,4313582,0.9999999999215801,1.0
905,15,Gina Isaacs,26,203063,603,4313582,0.6319897781440627,1.0
904,15,Dann Rivers,334,203063,15202,4313582,1.0,1.0
888,15,Benton Womack,16,203063,413,4313582,0.7468779420655034,1.0
964,15,Barney Woodruff,71,203063,2204,4313582,0.9996794445190961,1.0
876,15,Madelene Currie,18,203063,544,4313582,0.9303875224041774,1.0
865,15,Carol Feldman,54,203063,1577,4313582,0.9926569292860892,1.0
857,15,Jenelle Pierce,64,203063,1430,4313582,0.6312638470801686,1.0
856,15,Petronila Rice,19,203063,2116,4313582,0.9999999987919663,1.0
849,15,Werner Zuniga,34,203063,2479,4313582,1.0,1.0
837,15,Jenniffer Larson,43,203063,22196,4313582,1.0,1.0
835,15,Elfrieda Miranda,467,203063,10166,4313582,0.6962666344888757,1.0
834,15,Waylon Aviles,18,203063,716,4313582,0.9981036382839701,1.0
832,15,Shirley Crow,12,203063,2070,4313582,0.9999999991412151,1.0
828,15,Gema Curry,142,203063,3444,4313582,0.9451124377027058,1.0
808,15,Breanne Blackwell,20,203063,1453,4313582,1.0,1.0
801,15,Taunya Rowan,25,203063,1082,4313582,0.9999685746454773,1.0
793,15,Tanya Zuniga,47,203063,1196,4313582,0.8873333109719777,1.0
789,15,Alec Bailey,18,203063,775,4313582,0.9995645765059462,1.0
866,15,Dung Sands,12,203063,1533,4313582,1.0,1.0
969,15,Fabian Samuels,12,203063,422,4313582,0.9619928353350089,1.0
987,15,Katheryn Whitehead,72,203063,5680,4313582,1.0,1.0
989,15,Ashlie Williamson,164,203063,13270,4313582,1.0,1.0
1190,15,Marisha Hammons,17,203063,593,4313582,0.9834542469817754,1.0
1187,15,Argelia Sorensen,21,203063,870,4313582,0.9996466251968804,1.0
1179,15,Reagan Girard,26,203063,947,4313582,0.9984962203716061,1.0
1175,15,Millicent Napier,15,203063,1237,4313582,1.0,1.0
1170,15,Loren Krueger,21,203063,7975,4313582,0.9999999988601557,1.0
1165,15,Augustine Aguirre,69,203063,4515,4313582,0.9999999990906558,1.0
1164,15,Kylee Hoffman,39,203063,902,4313582,0.6725129877018142,1.0
1160,15,Flora Ashby,32,203063,1671,4313582,0.9999999977198076,1.0
1136,15,Janean Kyle,38,203063,996,4313582,0.8979484393635031,1.0
1127,15,Galina Wilcox,13,203063,508,4313582,0.990204929812196,1.0
1102,15,Emmett Dalton,18,203063,2041,4313582,1.0,1.0
1099,15,Twanda Story,166,203063,3635,4313582,0.6374026101195899,1.0
1097,15,Altha Minor,20,203063,2294,4313582,1.0,1.0
1096,15,Shayla Bowie,417,203063,12453,4313582,1.0,1.0
1093,15,Yoko Snyder,122,203063,2793,4313582,0.7875371081292774,1.0
1084,15,Otto Goldsmith,123,203063,2987,4313582,0.9326299774971717,1.0
1083,15,Edward Carmona,113,203063,3347,4313582,0.9999169893631078,1.0
1077,15,Irene Merritt,37,203063,4791,4313582,0.9999999972732028,1.0
1063,15,Ronni Newman,32,203063,779,4313582,0.7558209745375533,1.0
1051,15,Cyndy Hancock,20,203063,771,4313582,0.9980630678483711,1.0
1038,15,Benjamin Payton,15,203063,779,4313582,0.9999685019696001,1.0
1024,15,Sara Orozco,45,203063,5361,4313582,1.0,1.0
1018,15,Julieann George,11,203063,313,4313582,0.8034168267023425,1.0
1016,15,Rufina Naquin,11,203063,7777,4313582,1.0,1.0
1013,15,Jeffery Campos,26,203063,1839,4313582,1.0,1.0
1007,15,Verena Duncan,16,203063,1138,4313582,1.0,1.0
997,15,Ashleigh Mccain,126,203063,3303,4313582,0.9927797387937067,1.0
994,15,Sharilyn Workman,52,203063,76400,4313582,1.0,1.0
993,15,Amy Cooke,16,203063,809,4313582,0.9999672328414726,1.0
1196,15,Elvin Choi,213,203063,5719,4313582,0.9998388999379002,1.0
1133,15,Alica Monroe,152,203063,5157,4313582,0.999999998837921,1.0
